client_id	path	sentence_id	sentence	sentence_domain	up_votes	down_votes	age	gender	accents	variant	locale	segment
04964f79a396b4a3dbedddacd170bd0090849380b9ab85512144f1831354637e37718bb8fdfb3d0deb01e4cc5a38fb66809238fda43789422b60ba15fe494d4f	common_voice_fr_40283718.mp3	4f898c885c5678bc8402a30fc9e615f020f2688092c2df46202356649c0ea6d6	La commune possède un club de football.		2	0					fr	
0cc2fdd2e34c32100336c350b1b5d2b70f9f4035b625ffa448a229ba39b86b460ee6ccc266bbde706cfba14885a4f4aaadcce3d6f342f684fa0c64374f5691af	common_voice_fr_40193526.mp3	4f5c408bed4770bc57bc615547ff5ca520ed42ed482ee1b6b516622c2b413e25	Il est membre du Temple de la renommée World Rugby.		2	0			Français de France		fr	
1fd85f80e2c51e43c9172b93ac7319f6ee568c9ccfd4cea90dd6e071d278fcdd364fa614abb4510c89ddde81b4be3f9e851d1c0f5c6112f30dfb1e3078525f3c	common_voice_fr_40407989.mp3	0cc913c9ce614268c7706fed86016948955b07a9d4f6db8b125e15aa521e898d	Cependant, Fauchery était revenu, amené par son cousin.		2	0					fr	
4382aa5ad2831364c38c069c6a334392f481031f9c6603a54ed29f438c341ef5931c8277739110b55d8cb5402c6aec81c958f4c86ae180cf81624941231c4ac7	common_voice_fr_40239681.mp3	4f83778c0adbd156e3bc750c06158118ff303c6548e913ae8411099015cb4cbd	Son architecture est de style néo-classique.		2	0			Français de France		fr	
43f9c7b10a13a6310f224fb0c1cbbc80e5441250f88dc1d8b2550117ba7da2d7aabfdc0138e5a27058f0304c1aaf35e7743067cd8c4d2218f9b89602aafefa96	common_voice_fr_40212753.mp3	4f752dd68f0486113932ed35f5a10e7557ad2f42b75558e2e714f8d5c7d6718c	Chaque tour se joue au meilleur des cinq rencontres.		2	0					fr	
47a4247fd8ff1a062329eaa7e3c3a51f87feaf76f0d8db305c17912c3c0d65c130a050646a9ba13eaa564fb11cf19dad0d5603ef6e7c35c284b291fce22528ab	common_voice_fr_40278649.mp3	0a19d954c7bd6b10bd2d61064b676d959658ec5058f14ea3563836539d988469	Vous étiez résolue à vous coucher de bonne heure cette fois-ci.	general	2	0					fr	
4ce15b5d68516e38c2ffdb6fe5435d9ca57ef101c7a817d10b311e927d9e81cd6a890ca2e50b412c6182639e2228dd6aa0ca1aaf90438d6d73320cf9eb2fecaf	common_voice_fr_40203473.mp3	4f1a58927f115417d1127865dc3983238f1dbb76e99eddd95c23d231fec1063d	Le temps passant, il devint un éminent portraitiste par daguerréotype à Boston.		2	0					fr	
58eeb8fe503003e27c2b93812f9a8004c52acda69543e4e7b8f01124a980fbab3558e7378e83f39bfbf9939e862693ae55d27bde830cd3458c7c40d40d656dce	common_voice_fr_40347191.mp3	4f8316116b1dac818c441cb420840934d591ed04862f33feb31a083053d9c738	La famille est alors relativement désargentée.		2	0	teens		Français de France		fr	
763bc48b69a7eaf2465e119e6f042275bea9287bf7e2935a196684137c4cfe0480cdad60da598ee1fbdb9bf315905a0594c3eaadce3247b1f482a1b5432359a6	common_voice_fr_40403869.mp3	4fa4384944fdf9eea20aa483255a5d9e91d422abbef59705bb5cd26b6233d319	Elle décide alors de se consacrer exclusivement à la perche.		2	0					fr	
7729f998610779025c4eb5801b6d90c462e61ad0c1b2a4d6f46ad2524fa5a6279dba4d0d5df9a0de9fa77968c31d95d478206e878afd61acd743927824c481a2	common_voice_fr_40218228.mp3	0ba2895279dec376145737cb52e979483b51592febbc1d4447d587431cd91a15	Elle n'est bonne qu'à produire des gens maigres qui songent creux.		2	0	twenties		Français de France		fr	
8f7fabb92d01618f1a3e67314489d948f34edfe038de3f25de854f367ce2eb51cd2fbceee6a7f3cad3f3b2b9246c23328610a26500fbbd4fc67cbbc161b93f06	common_voice_fr_40444839.mp3	4fb0d98624e21efd7d51866674a7e6584d9901dd7d870b1c0573200f5f35779a	Parallèlement, elle commence à s'impliquer dans le mouvement socialiste et fréquente l'Église travailliste.		2	0					fr	
946fba6777d0bb3b8eccb46f79b951b3704c0a9adbce4f9cb1a3c747d9e6df202f49eea4b3ffa1c3ddeb3ed2f1feca6a28e1ac98be6834dc79a059efb1d56537	common_voice_fr_40227387.mp3	4f486a1a1db0de6d915e6b742ce18bb4a95ef561df623fb0088dfaa446f2bddb	Ses amis érigent aussi une stèle sur sa tombe, au cimetière de Mulhouse.		2	0			Français de France		fr	
95827ff244bb046bed457d3dd383d89674f0f33b2a525ae17b293489dcc336dda56ef8698b5cc68282d5c9497caf9db1c927f341510dcb140321e52436e10ba4	common_voice_fr_40347120.mp3	4f94315864773c5a3c32ce8d41b05d55c0bfa43ce6a9803eed81ddd04d97958b	Il mesure environ de large.		2	0			Français de France		fr	
993105f06941c04454a9e65815040819e8157c1999a41852b2b80f8905c5dd9ca974d10afaa4de19ce607d75d45d9979167eca44c42db68f720c0cab9438c2c9	common_voice_fr_40193544.mp3	4f5999862dc2e8e14f479a95d0cc9b5dbb07ef376f1f79cd792eb9163eff035d	Si le paysage est essentiellement agricole, la commune appartient pourtant à l'aire urbaine d'Arras.		2	0					fr	
9e1d66863a73f6b3a1d867aadcba0fbf6d7fd6574fce187e5d57346c7517191baaa844ec861a3b1bd0cafd0234be29023cb35956a7d71d0c88012eaad44fd816	common_voice_fr_40368155.mp3	4fa30eb174e7a172f2b4235e790a13d78f8e04f6addb8a1002ce0d165645ec90	Comme étudiant, il est le camarade de classe de Spike Lee.		2	0			Français de France		fr	
b016796901a9114ac8586aaf91c6ffe94f454ec40a6d7f401dc0fa3343692032eb6350e820ed34b0c67fa99638ed81cd0d80598ffd0f428c08deae05f42e9624	common_voice_fr_40203947.mp3	4f6c2865d22d90e9f66734d89d865d4fdc3cbed390eeb4f5cecbb5fe453218dc	Il s'agit en l'occurrence de la foi catholique.		2	0					fr	
c2a50020a024dd544999ef07a97e8d91072d8b7c77fe4410543531aabbf0ec5825ad83364642e1bdf6e3ca61f19a70d33a127963718ca791c3777b49d16b28a1	common_voice_fr_40267491.mp3	4f8292652355af8472bd115721c223c2e20c5d7f8d4108275bada8f2a9a90142	Ce canton est organisé autour de Bar-sur-Seine dans l'arrondissement de Troyes.		2	0	fourties	male_masculine	Français de France		fr	
c56bb645170e76dbce6749eb406cff25cc27804adc64c7789f05381c143f564cf7e1283c7ea80b0db62c68841b010345e68659ca24e66b8b77e40e5ab19d012c	common_voice_fr_40432191.mp3	0cf1e80cf99b1305ae8d9ee2844917ec91ceb08cb3760a4f22a1b2d313bbece7	Cependant, il devait être très tard.		2	0			Français de France		fr	
c966baf6e77ca9b7f58a7f5bd7fb0c581bbb7e5240ee3435b9d746938b147d9da2930799a967464fd307b08a279cec0999c0474712d11958dd2ef7ca3f707fa2	common_voice_fr_40223718.mp3	4f761d944f8d2ba2fdd710a5202aa6bdc0240b10a5b926cb74adf8094b26f092	L'Espagne remporte pour la dixième fois ce tournoi.		2	0					fr	
c9a863b6817a0a4df0ec0bcdcd90213aa13091cb55060d396af7ae55e0857b6bdc1259ff9d0f773cd5ab762f0009df6273e767c23f23531105b7acdc154e5c1c	common_voice_fr_40227393.mp3	0b985cd55e9388b0fa566c8436b6dfd29e5660fe94ee7460ce9e9b2555a27130	La patrie se plaint, soit; mais l'humanité applaudit.		2	0			Français de France		fr	
cd2e66a9a533ba5802d3f41714729952fbd97a22495a95bf997d27be7f24cae513bdea8cf2c399c97575cc123d08991268d1742b9edc3bc0a840628a7bb1daa6	common_voice_fr_40356427.mp3	4f77ca36da8de11a59f5a2f2e053a4091128711d43465f68e7c09c2ea14d2ee9	Certains joueurs du club font partie ou ont fait partie de la sélection nationale.		2	0					fr	
dcd276b1e14516b3473e5e4d80fb8e725759d58a87dff4c8b301b7bf00e798bb74092586accc96bec59b1168190af56008e2b67e1e1e9dea7837303ab9bb573c	common_voice_fr_40534506.mp3	4ff3269b7fd7b65d089f41218a83e50ae43ab048e10a69573276e2a01b5e8dac	Il peut jusqu'à les obliger à se faire vacciner.		2	0	fourties	male_masculine	Français de France		fr	
e1881269b9660ddf27e9809fe7685828f5bbccfae23d3f1d838d66574994603c84b211f9731e14005d1b6020a5c5603887b82c0cc3ab862a32e3cb3a86fdccb5	common_voice_fr_40452675.mp3	4f94c50ee82a6b9db6233cb30f2426d56bc6ce2ef6f8a217a129fe9bbd664bf1	Elle remonta à la fin de l’exercice suivant.		3	0	fifties	male_masculine	Français de France,Parisien		fr	
f258ef4cb08f0afed8201170c3b1fba6f53be70ef7f0055e2beb2bb650bb1f9531a5867de8f275cfea27ff7072487606fb34970a4e6a911bf36a3c6c0407c379	common_voice_fr_40694610.mp3	50061c1b4dae48610c78a99e4e11364fe3abc1c65050115538f59ce6839f210b	Nab se mit en tête des onaggas.		4	0			Français de France,nord		fr	
18a43e01a0019e5472d1841402b10ea633b0a19ba8bc8b62f7917b030a90d2f7d1e083af97987f9df98ec3356819b5837d193991958506ce6a992509e6738786	common_voice_fr_40265737.mp3	4f833dfdfaa3d169889ee8a7d5112bf034b64cc0290cad3d688b90998361e571	Une école primaire est présente dans le village de Revonnas.		2	0			Français de France		fr	
18a43e01a0019e5472d1841402b10ea633b0a19ba8bc8b62f7917b030a90d2f7d1e083af97987f9df98ec3356819b5837d193991958506ce6a992509e6738786	common_voice_fr_40326951.mp3	4f85c09dae9536f417166e750f6d573f5b203c53e3a14b5209a8b4f6851ecf7a	Il est nécessaire à tout gouvernement, même pacifique, à titre de bonne administration.		2	0			Français de France		fr	
1a4d61d1ac859dcc927bf74a13c68d0f03aa0ef441bfadd6e7734878af07b9a3de084892fc9ebe732fd0fa5399894f88e5b4f62d166ee413a1f35489bec14a9c	common_voice_fr_40208189.mp3	4f526b5d680477b0bc204992b35d25d8e1f14beb2cd2c7c13d8b10c7a1105499	Le moulin est aussi réputé pour son récit de fantôme.		2	0					fr	
1a4d61d1ac859dcc927bf74a13c68d0f03aa0ef441bfadd6e7734878af07b9a3de084892fc9ebe732fd0fa5399894f88e5b4f62d166ee413a1f35489bec14a9c	common_voice_fr_40208191.mp3	4f69cd73fac22a591f606dfdba4f3e32692db857a46201d1b2304d8a054cb900	Leur dénomination était cependant ambiguë et compliquée, selon l'époque et la région.		2	0					fr	
4ea9656152d01f773073e87adbe6d69ce1cc7d139730fb3074ac1263343956421e492e9d12621a0d03a809fa9f04ed5394321e06aceca5356a2b852d1419a929	common_voice_fr_40792588.mp3	50090a25db01c056b8a5794360b3a3aa6b1e583ad0575abdb43b0d0b33ccc3c1	La politique jeunesse est pensée à l'échelle du canton.		2	0	fifties	male_masculine	Français de France		fr	
4ea9656152d01f773073e87adbe6d69ce1cc7d139730fb3074ac1263343956421e492e9d12621a0d03a809fa9f04ed5394321e06aceca5356a2b852d1419a929	common_voice_fr_40792695.mp3	4ffb942435210b681fe06dbe6b598d0d7c45c0d384b3803f7b60a9b343acc2d9	En parallèle, il anime des émissions à la radio.		2	0	fifties	male_masculine	Français de France		fr	
6614ed681015ec48c9651d3e423c1b6637a201339c3a4243116027be88462287b47354e49c3faa860a98e140c2c7efb3de835b7eff2f36465cd3af64cf258c09	common_voice_fr_40829841.mp3	0f6c980616cb31699048647409b1267d6cec72e0d9c03ec93bca0ba7c13bce3e	On attendait le premier cours.		3	0	fifties		Français de France,Français du Sud-Ouest de la France		fr	
6614ed681015ec48c9651d3e423c1b6637a201339c3a4243116027be88462287b47354e49c3faa860a98e140c2c7efb3de835b7eff2f36465cd3af64cf258c09	common_voice_fr_40829867.mp3	4fe4854be3c71da9a00b6baaa26c41939d741cd4a0c0295bb7f426a3f0d6e638	Il devient ensuite viticulteur.		3	0	fifties		Français de France,Français du Sud-Ouest de la France		fr	
8e42f4153746c0181255d8228aecc559e807ae428c7411b1643cff30fc8ab05345759826a49a026b60e4e975d611c7ae628f7239ee96b3bba2e043d448c006f3	common_voice_fr_40385689.mp3	4fa29838cf8215d0c5173ef1aa2eff951693ab4f241e83435643c2204d758b5a	La tour est non peinte et les galeries sont rouges.		2	0	twenties	female_feminine	Français de France		fr	
8e42f4153746c0181255d8228aecc559e807ae428c7411b1643cff30fc8ab05345759826a49a026b60e4e975d611c7ae628f7239ee96b3bba2e043d448c006f3	common_voice_fr_40385691.mp3	4f8ca5d0693ea3b117daa43ba681e90050ebaae311bf59de9c8d16e1095d4eda	Il est reconnu comme faisant partie des meilleurs trombonistes français.		2	0	twenties	female_feminine	Français de France		fr	
9a16b3e2ef38d8d5188c0bedc0f4d1484bfcbe26e4970bca952f64d2aa6fb1bdf81d4ae8f930704e677a8f0c01dc7184992d257ae293f5062aacb627c76fd6fa	common_voice_fr_40255656.mp3	4f8cc1fa994f37c891a74620738526aee7aad32a4f4e4fdd7c9ee3a72efd7253	Une autre contribution majeure concerne le problème du déficit des neutrinos solaires.		2	0	teens	male_masculine	Français de France		fr	
9a16b3e2ef38d8d5188c0bedc0f4d1484bfcbe26e4970bca952f64d2aa6fb1bdf81d4ae8f930704e677a8f0c01dc7184992d257ae293f5062aacb627c76fd6fa	common_voice_fr_40255660.mp3	4f8dabf4cd8247a796533b4dd26ec7710910168d48c4be40ca5453a3118a2a6b	La consommation électrique est lorsque le sismomètre fonctionne et de sinon.		2	0	teens	male_masculine	Français de France		fr	
9f531f1653028716243070468c8f0b1c19692bab6770035ffdbbf03d377f2a2d4aee675d90c19a8f2a91443f9274f8de5425fa0313e17b7cb9ccc96606f0e128	common_voice_fr_40191246.mp3	4f59c3119ad504f3cdb423ef654c09963446703be927bc74673a3fefd281d81d	Une bêtise pareille, avant qu’il m’épouse et qu’il fasse le testament!...		2	0			Français de France		fr	
9f531f1653028716243070468c8f0b1c19692bab6770035ffdbbf03d377f2a2d4aee675d90c19a8f2a91443f9274f8de5425fa0313e17b7cb9ccc96606f0e128	common_voice_fr_40191249.mp3	4f64f37e995cdcccc9805078c76b2966c61b9f9178767f56b1484d40335c042f	Il offre aujourd'hui la possibilité de concevoir des feuilles de style.		4	0			Français de France		fr	
b43af09191e25bdf286c024bb6e1fe6e436d785f1d1a24c54e146f40e819c1ef1e0cb45eb9a4a90238c3e961a1ab8a74f8946065a7b5240565abf9869dc841fe	common_voice_fr_40386820.mp3	4f4f55b62a2aa0806437eaccc89109d77795b8f1b9c382e6833c99eedaae503c	Là, il a participé à la construction du pont sur la Moselle, puis d'écoles.		2	0	twenties		Français de France		fr	
b43af09191e25bdf286c024bb6e1fe6e436d785f1d1a24c54e146f40e819c1ef1e0cb45eb9a4a90238c3e961a1ab8a74f8946065a7b5240565abf9869dc841fe	common_voice_fr_40386882.mp3	4f839f5721e1dcf71707374aa069f15e99e78ec1e2b810b4cf328af7d8e2e59d	Ailleurs les marées peuvent atteindre de marnage.		2	0	twenties		Français de France		fr	
bb3ba0ca33e3602f88128f5a689c4e8750c44636aca56c2f6ffd221d0d2fbc42e44415ab3a7fa57ba147c6337cc29652d3d3a8895603de90386cf59ace45a5c5	common_voice_fr_40436587.mp3	0cd89b3bdbda980a5ab4c947f412369dd41c269f1c5964a47f922a8bf3b21f68	Parvenu à l'église, Marius n'y entra point, et tourna derrière le chevet.		4	0	twenties	female_feminine	Français de France		fr	
bb3ba0ca33e3602f88128f5a689c4e8750c44636aca56c2f6ffd221d0d2fbc42e44415ab3a7fa57ba147c6337cc29652d3d3a8895603de90386cf59ace45a5c5	common_voice_fr_40436588.mp3	4fa72a9a044a885cc1be61a1af85917f0ae40d90bff9971c4284e2d2c710f424	De plus l'École navale par son institut de recherche accueille des doctorants.		2	0	twenties	female_feminine	Français de France		fr	
ea63eb57df8bfc4690c87804efae8f6ceed1725b384723c7d017f67ded5bdcdf002ef2546e9480ccb4ad001d8644feda914dc851203b9b7052f3a15cac0899fa	common_voice_fr_40474648.mp3	4fa6e534a9f6adc7b56656c9b1539ead5773b0acaf97b4e155025c40b3ea5081	Deux rabbins vont officier en alternance et délivrer des sermons.		2	0	fifties	male_masculine	Français de France		fr	
ea63eb57df8bfc4690c87804efae8f6ceed1725b384723c7d017f67ded5bdcdf002ef2546e9480ccb4ad001d8644feda914dc851203b9b7052f3a15cac0899fa	common_voice_fr_40475242.mp3	4fcf01187ea621e64ca8c472e35f9b57e88cc7aa0e7dc7e8449a75f72657047a	Il s'agit ainsi de la deuxième plus grande île du secteur après Huftarøy.		2	0	fifties	male_masculine	Français de France		fr	
9e5a1faa6d64659763f52c7c4ac62bb0742167035defa9673a8cc86dbbc7ca704c8438476d438975080e5a0f03770aaa1ec72421afea68c148f0ba76de8c42d0	common_voice_fr_40277510.mp3	4f5ddfea0e928f374cbfc61362f25e7a62cc44b0188074d9a7113ffd5ed396f2	Elle s'est fait connaître par ses collaborations avec plusieurs groupes européens de metal symphonique.		2	0	fourties	male_masculine	Français de France		fr	
9e5a1faa6d64659763f52c7c4ac62bb0742167035defa9673a8cc86dbbc7ca704c8438476d438975080e5a0f03770aaa1ec72421afea68c148f0ba76de8c42d0	common_voice_fr_40277521.mp3	4f943887fc2a51c772839d559b0e115cc441c22be3840dadb7b8c97bbb25472d	Vous avez un loup.		2	0	fourties	male_masculine	Français de France		fr	
9e5a1faa6d64659763f52c7c4ac62bb0742167035defa9673a8cc86dbbc7ca704c8438476d438975080e5a0f03770aaa1ec72421afea68c148f0ba76de8c42d0	common_voice_fr_40277522.mp3	4f7663a505313c1bc0dbd6ed136cf2dc29097ea59659a201877add41333c0f88	La façade est couronnée d'un petit tympan triangulaire.		2	0	fourties	male_masculine	Français de France		fr	
abe6fba9b8c99e82cc2a54e294b2a33a8c588f4dc353ab45c753de00d349ad4284c99b746e231a9bd940b34a92b6bc64b63fa64bda5c7749e84db2d3562cd7f3	common_voice_fr_40547646.mp3	4ff1bbbf62110f67d5f779c1d1bf1ae8cbc2fc774cbb34b229bdc9a9c076fc6d	Commune traversée par la voie romaine de Bourges à Saint-Thibault.		2	0	fourties	male_masculine	Français de France		fr	
abe6fba9b8c99e82cc2a54e294b2a33a8c588f4dc353ab45c753de00d349ad4284c99b746e231a9bd940b34a92b6bc64b63fa64bda5c7749e84db2d3562cd7f3	common_voice_fr_40547723.mp3	4ff75df965b2d2fbd7740152e9e9069ea0af71fee8b73703abe3c9bf89d04b74	Suivant les conseils du scientifique, Snake détruit l'imposant Metal Gear.		2	0	fourties	male_masculine	Français de France		fr	
abe6fba9b8c99e82cc2a54e294b2a33a8c588f4dc353ab45c753de00d349ad4284c99b746e231a9bd940b34a92b6bc64b63fa64bda5c7749e84db2d3562cd7f3	common_voice_fr_40548020.mp3	0f025c5b2f0bb059e2bcc9ed4a09e2b72666ac6a40edec79112eb37765c226fc	Sous les éclats de sa voix aiguë, tout s'animait, s'exagérait.		2	0	fourties	male_masculine	Français de France		fr	
ec6e725bbcbb69f674435ac7af8a201e68ac95ae2a34d4a8445202cb29a5a60bebb53a531d7ae96f09fb1768e3b192a2de585047f635495ed8b2b554fd4e169e	common_voice_fr_40201437.mp3	4f71b7be3267570ecfd2a304afd180f0450db580472b6bef8b7688cf814ebaf8	Actuellement, entre autres études, l'observatoire effectue des recherches d'exoplanètes.		4	0	thirties	male_masculine	Français de France		fr	
ec6e725bbcbb69f674435ac7af8a201e68ac95ae2a34d4a8445202cb29a5a60bebb53a531d7ae96f09fb1768e3b192a2de585047f635495ed8b2b554fd4e169e	common_voice_fr_40201438.mp3	4f68d8233475288bd5c1cdd80a0ec5a9399e029804a4463797f00b9a30c5f5ba	Elle prend sa source dans la paroisse de Carroll Est.		2	0	thirties	male_masculine	Français de France		fr	
ec6e725bbcbb69f674435ac7af8a201e68ac95ae2a34d4a8445202cb29a5a60bebb53a531d7ae96f09fb1768e3b192a2de585047f635495ed8b2b554fd4e169e	common_voice_fr_40201440.mp3	4f56bfc8cb68c3800ed7c3311dcdc6db1319d0464e9c3e65b9c9657e90306773	Pour régler le différend, l'ancien droit prévoyait deux modes de résolution du conflit.		4	0	thirties	male_masculine	Français de France		fr	
28ffdf130ea881503d1934db234643d2a6eddc5c0f33f8bda5f5f368722774a09ea68beb60f29c02024e16560e3d2ec7618d57d3a30e780552dbdad603608363	common_voice_fr_40233955.mp3	4f7cdcaef99ed4cfc6b4339cf8ecd93e3764fb824b4c806e4f93b5b9d2426943	Le Mexique connaît une augmentation constante du taux d’emplois rémunérés pour les femmes.		2	0	seventies	female_feminine	Français de France		fr	
28ffdf130ea881503d1934db234643d2a6eddc5c0f33f8bda5f5f368722774a09ea68beb60f29c02024e16560e3d2ec7618d57d3a30e780552dbdad603608363	common_voice_fr_40233970.mp3	4f78ccaf2f101323b4b26f0dd9c6354efcc829df5eed01846c518f54ae371ba3	Elle ne possède pas de registre généalogique racial.		2	0	seventies	female_feminine	Français de France		fr	
28ffdf130ea881503d1934db234643d2a6eddc5c0f33f8bda5f5f368722774a09ea68beb60f29c02024e16560e3d2ec7618d57d3a30e780552dbdad603608363	common_voice_fr_40233998.mp3	4f89556fcaa56b10a15db51f98e60cd25346fdcf67fe1553a9be902bd654405d	Thérèse est alors élevée et éduquée à Vienne.		2	0	seventies	female_feminine	Français de France		fr	
28ffdf130ea881503d1934db234643d2a6eddc5c0f33f8bda5f5f368722774a09ea68beb60f29c02024e16560e3d2ec7618d57d3a30e780552dbdad603608363	common_voice_fr_40234063.mp3	4f3b6faa45045e90e7910dae4396b00cd42557974df99d3f9ded6789abc9cdbd	Je ne saurais te voir aimant un homme.		2	0	seventies	female_feminine	Français de France		fr	
fcf79151ec037f109aa35077e2045ceabe83f382dbcd992296d5e0f7b6573bd4cbcae0688b1231a852d3006440e74165dbe5b777e32c85e5386ca7c3dad34a7a	common_voice_fr_40190023.mp3	4f03c0d383d5e81d35e9b4d65cb82affaab3ca3173d2b3b1b4dde880e35b18bc	Elle reste série inédite dans les autres pays francophones.		2	0					fr	
fcf79151ec037f109aa35077e2045ceabe83f382dbcd992296d5e0f7b6573bd4cbcae0688b1231a852d3006440e74165dbe5b777e32c85e5386ca7c3dad34a7a	common_voice_fr_40190034.mp3	4f46643032a63a1f6462bd25d4c6e3f6a78bf28d9410427cc6277f1204034c3d	Il s'agit donc du milieu de culture des bactéries.		2	0					fr	
fcf79151ec037f109aa35077e2045ceabe83f382dbcd992296d5e0f7b6573bd4cbcae0688b1231a852d3006440e74165dbe5b777e32c85e5386ca7c3dad34a7a	common_voice_fr_40190109.mp3	4f60fa476ca09a7f062293901bdc9ab8917510331d15c29a9784460a0d87189e	Le siège épiscopal était Sens.		2	0					fr	
fcf79151ec037f109aa35077e2045ceabe83f382dbcd992296d5e0f7b6573bd4cbcae0688b1231a852d3006440e74165dbe5b777e32c85e5386ca7c3dad34a7a	common_voice_fr_40190112.mp3	4f656c1faee17215fd32ca5440a3c1ff24a97c7d2ce7e5279dde8fae6ed6c481	L'église est située sur la commune de Morosaglia, dans le département de la Haute-Corse.		2	0					fr	
7d5d604eb288793ef3335ef1580fd113553e879d6c5fa4fafa7ecdbdf9d01a4fa4de99e4d88bfc91ea41eafd2fd254eb2e53172bacf74adb08e624b9e8d89827	common_voice_fr_40437419.mp3	0cc78202904b726227dded648e0cc60cda29de67d591d825ffdbca1324b6fb18	Il faut s'en affranchir.		2	0	sixties	female_feminine			fr	
7d5d604eb288793ef3335ef1580fd113553e879d6c5fa4fafa7ecdbdf9d01a4fa4de99e4d88bfc91ea41eafd2fd254eb2e53172bacf74adb08e624b9e8d89827	common_voice_fr_40437444.mp3	0d219472fca6c4ff80d58ad17a39513638c93c496e3d0433bc5ee0cf263bb1c9	Marius attendit tout le jour.		2	0	sixties	female_feminine			fr	
7d5d604eb288793ef3335ef1580fd113553e879d6c5fa4fafa7ecdbdf9d01a4fa4de99e4d88bfc91ea41eafd2fd254eb2e53172bacf74adb08e624b9e8d89827	common_voice_fr_40437492.mp3	4f7d3b435413b7f2743f4f5a6fa4af71f8d47220fad3ae1bc5529bf5bfc8b326	Il portait un appareil dentaire.		2	0	sixties	female_feminine			fr	
7d5d604eb288793ef3335ef1580fd113553e879d6c5fa4fafa7ecdbdf9d01a4fa4de99e4d88bfc91ea41eafd2fd254eb2e53172bacf74adb08e624b9e8d89827	common_voice_fr_40438439.mp3	4fabdeb3054dd166e35922c72743127d48c442dd78b929d2ca46a4617d57624c	Il participe à l'achèvement des œuvres posthumes de son maître.		2	0	sixties	female_feminine			fr	
7d5d604eb288793ef3335ef1580fd113553e879d6c5fa4fafa7ecdbdf9d01a4fa4de99e4d88bfc91ea41eafd2fd254eb2e53172bacf74adb08e624b9e8d89827	common_voice_fr_40438519.mp3	0cebcebd894004869164128aea9821390db5fca882129d681d4f3620aea9a0a8	Et la victime est un de nos administrateurs, le président Grandmorin.		2	0	sixties	female_feminine			fr	
7d5d604eb288793ef3335ef1580fd113553e879d6c5fa4fafa7ecdbdf9d01a4fa4de99e4d88bfc91ea41eafd2fd254eb2e53172bacf74adb08e624b9e8d89827	common_voice_fr_40438520.mp3	4fa9fdc67b45a91c9298ae740b196fe27efc18d3ea86d0ea98bf1b908f4eecac	Ce sont principalement les chaloupes qui sont utilisées pour ces promenades.		2	0	sixties	female_feminine			fr	
7d5d604eb288793ef3335ef1580fd113553e879d6c5fa4fafa7ecdbdf9d01a4fa4de99e4d88bfc91ea41eafd2fd254eb2e53172bacf74adb08e624b9e8d89827	common_voice_fr_40440561.mp3	4fba508fa97c71d9a68e1072aa6c25d0da3eacbd54e7eac2b41119f59f24e16b	Il ne cessera de peindre que trois jours avant sa mort.		2	0	sixties	female_feminine			fr	
7d5d604eb288793ef3335ef1580fd113553e879d6c5fa4fafa7ecdbdf9d01a4fa4de99e4d88bfc91ea41eafd2fd254eb2e53172bacf74adb08e624b9e8d89827	common_voice_fr_40440576.mp3	4f8bda42eea4512e48190bdfea4a9c91b9f75cf07e55e53798c747ecb0788692	L'artère est pavée, elle fait partie du domaine piétonnier.		2	0	sixties	female_feminine			fr	
7d5d604eb288793ef3335ef1580fd113553e879d6c5fa4fafa7ecdbdf9d01a4fa4de99e4d88bfc91ea41eafd2fd254eb2e53172bacf74adb08e624b9e8d89827	common_voice_fr_40440577.mp3	4fa0aeb43707179e09d3c255f97b829dc116995ac5453b41450460a08c5bb548	Il est d'une famille très illustre et connaît admirablement la langue nationale.		2	0	sixties	female_feminine			fr	
82371e2b2b1711db60d2deced4a29f164b10a3144a38a486ae10f3ef2784e2a1614ecfd5d93acbf817d95511f6dab2e272abc99985671b83e20b5fade12874a0	common_voice_fr_40243922.mp3	4f8c12d3d80e2b2a0c4f48e2b498a943657bc2603efd99e3135eaef3ec463a16	Le cabaret, mais c’est son athénée, son théâtre, son salon.		2	0	fifties	male_masculine	Français de France		fr	
82371e2b2b1711db60d2deced4a29f164b10a3144a38a486ae10f3ef2784e2a1614ecfd5d93acbf817d95511f6dab2e272abc99985671b83e20b5fade12874a0	common_voice_fr_40243968.mp3	4f65362d79e05153c87e63b205be2223bef30a93177fdd091abfcd3bf316f38b	Ils décidèrent donc de vendre une partie de leur collection de livres anciens.		2	0	fifties	male_masculine	Français de France		fr	
82371e2b2b1711db60d2deced4a29f164b10a3144a38a486ae10f3ef2784e2a1614ecfd5d93acbf817d95511f6dab2e272abc99985671b83e20b5fade12874a0	common_voice_fr_40243971.mp3	4f911993e7aec6fabc7a7e3b271657ad5198c0b540fadba9bf8f986b82cb653d	Jean mange des carottes.		2	0	fifties	male_masculine	Français de France		fr	
82371e2b2b1711db60d2deced4a29f164b10a3144a38a486ae10f3ef2784e2a1614ecfd5d93acbf817d95511f6dab2e272abc99985671b83e20b5fade12874a0	common_voice_fr_40243972.mp3	4f7cae74516f1e7c0de4945cc8461ac71c6a3758b6c4843a3a4a146bb7f8ade0	Qu'en pense ma colonne vertébrale.		2	0	fifties	male_masculine	Français de France		fr	
82371e2b2b1711db60d2deced4a29f164b10a3144a38a486ae10f3ef2784e2a1614ecfd5d93acbf817d95511f6dab2e272abc99985671b83e20b5fade12874a0	common_voice_fr_40257911.mp3	4f45ba2ebbafa2fcbc886895e976b794c1d0384fe6c8a1aff0035130ed9a6ba7	En plus d'avoir écrit des chansons, il fonda St.		2	0	fifties	male_masculine	Français de France		fr	
82371e2b2b1711db60d2deced4a29f164b10a3144a38a486ae10f3ef2784e2a1614ecfd5d93acbf817d95511f6dab2e272abc99985671b83e20b5fade12874a0	common_voice_fr_40257933.mp3	4f503923e85f452c724f77411f0168b1fcdae21593a8d6fe69c0e21d98024ee6	Revenu de blessure, il s'impose comme un titulaire indiscutable à son poste d'arrière droit.		2	0	fifties	male_masculine	Français de France		fr	
82371e2b2b1711db60d2deced4a29f164b10a3144a38a486ae10f3ef2784e2a1614ecfd5d93acbf817d95511f6dab2e272abc99985671b83e20b5fade12874a0	common_voice_fr_40282970.mp3	4f934bc03dc8889a65c8afb8ae309362f523b9c9f873d0bd1f586ec9ab075886	Il est composé dans un mélange de latin, de vieux et de moyen irlandais.		2	0	fifties	male_masculine	Français de France		fr	
82371e2b2b1711db60d2deced4a29f164b10a3144a38a486ae10f3ef2784e2a1614ecfd5d93acbf817d95511f6dab2e272abc99985671b83e20b5fade12874a0	common_voice_fr_40318024.mp3	4f91ba1e1f7f0da2bf17ca67e4c43058f22a58304139fd73442dd6206c1d77bd	La charge avait le privilège de conférer la noblesse.		2	0	fifties	male_masculine	Français de France		fr	
82371e2b2b1711db60d2deced4a29f164b10a3144a38a486ae10f3ef2784e2a1614ecfd5d93acbf817d95511f6dab2e272abc99985671b83e20b5fade12874a0	common_voice_fr_40348515.mp3	4f991075f0b2e65033ab8bb62b864ae031f6ca92060e099b9feaccf713c7129f	Il est également appelée cravate de notaire lorsque c'est l'homme qui est actif.		2	0	fifties	male_masculine	Français de France		fr	
82371e2b2b1711db60d2deced4a29f164b10a3144a38a486ae10f3ef2784e2a1614ecfd5d93acbf817d95511f6dab2e272abc99985671b83e20b5fade12874a0	common_voice_fr_40348556.mp3	4f9e9ab49c0c74b4594becea4ab8d70951735796d2dda3ce407ded817c8dcdf3	Il s'intéresse surtout aux questions douanières.		2	0	fifties	male_masculine	Français de France		fr	
60ffe86705df485b3ce8961ade444a9a0aac2a59946b4fbd4f343016cf01aca08ca1f0e98394b2af6c7205483b7269dc32ceb61410283994b8641c7ffb6a4e52	common_voice_fr_40523146.mp3	4fd5a5e68c0c91b833989d34a46a6a970f1b23d4524d6a1058cf958320249189	Il est le père d'Hélion de Villeneuve-Vence.		4	0	twenties		Français de France		fr	
60ffe86705df485b3ce8961ade444a9a0aac2a59946b4fbd4f343016cf01aca08ca1f0e98394b2af6c7205483b7269dc32ceb61410283994b8641c7ffb6a4e52	common_voice_fr_40523149.mp3	4feea9948590209299900fea5618399d5c3fd86cdd46ad246c6d32d4922cddba	Il ne tente qu'une seule passe cette année-là.		4	0	twenties		Français de France		fr	
60ffe86705df485b3ce8961ade444a9a0aac2a59946b4fbd4f343016cf01aca08ca1f0e98394b2af6c7205483b7269dc32ceb61410283994b8641c7ffb6a4e52	common_voice_fr_40523152.mp3	4fe2ed5283b3f0f351cc44dfe186ba5cfa4cbf98b496ac32680a5fc994875995	Bureau demeure dès lors seul curé; mais il eut encore à lutter.		2	0	twenties		Français de France		fr	
60ffe86705df485b3ce8961ade444a9a0aac2a59946b4fbd4f343016cf01aca08ca1f0e98394b2af6c7205483b7269dc32ceb61410283994b8641c7ffb6a4e52	common_voice_fr_40523157.mp3	4fea6758fef8249ee3014ee88de68b14b8a74a967616c109b28a4c201525ab35	Voyez, dit le juge au procureur général en lui montrant l’un des papiers.		4	0	twenties		Français de France		fr	
60ffe86705df485b3ce8961ade444a9a0aac2a59946b4fbd4f343016cf01aca08ca1f0e98394b2af6c7205483b7269dc32ceb61410283994b8641c7ffb6a4e52	common_voice_fr_40523162.mp3	4f9c593985b8fc195ea39bb161072b3b8b672730cf5739624eb821ddb20443b7	Son fond est sablonneux, à tendance boueuse par endroits.		2	0	twenties		Français de France		fr	
60ffe86705df485b3ce8961ade444a9a0aac2a59946b4fbd4f343016cf01aca08ca1f0e98394b2af6c7205483b7269dc32ceb61410283994b8641c7ffb6a4e52	common_voice_fr_40523171.mp3	4feae99c9a099891213141bc4df2889f0cd34a5b3d49798cda0b87592c6b241d	L’ambition de la Normande était de paraître « comme il faut.		2	0	twenties		Français de France		fr	
60ffe86705df485b3ce8961ade444a9a0aac2a59946b4fbd4f343016cf01aca08ca1f0e98394b2af6c7205483b7269dc32ceb61410283994b8641c7ffb6a4e52	common_voice_fr_40523173.mp3	4fe810840138601b280046988642cc537bb0a1b6349f5681696fd46940de0397	Il est ensuite président du tribunal criminel de l'Aisne.		2	0	twenties		Français de France		fr	
60ffe86705df485b3ce8961ade444a9a0aac2a59946b4fbd4f343016cf01aca08ca1f0e98394b2af6c7205483b7269dc32ceb61410283994b8641c7ffb6a4e52	common_voice_fr_40523183.mp3	4fda44f77b26fd78a5a5216cb0e5cb879dcd88e00f5ebc2c03d01ac0c39fbb3c	Les liaisons électroniques entre les deux modules passent également par ces connecteurs.		2	0	twenties		Français de France		fr	
60ffe86705df485b3ce8961ade444a9a0aac2a59946b4fbd4f343016cf01aca08ca1f0e98394b2af6c7205483b7269dc32ceb61410283994b8641c7ffb6a4e52	common_voice_fr_40523192.mp3	4fd662d2adaa28b0cfeb041fbc37df754f236ec6b27a62d15ae952616210cdf1	Elles accueillent les macareux de l’Atlantique.		2	0	twenties		Français de France		fr	
60ffe86705df485b3ce8961ade444a9a0aac2a59946b4fbd4f343016cf01aca08ca1f0e98394b2af6c7205483b7269dc32ceb61410283994b8641c7ffb6a4e52	common_voice_fr_40523195.mp3	4fd1e2c124f234574923d4f8e8a7ad5d4e88be633ae2093608ba9becb1813ba1	Le paradoxe est facilement traduisible dans les autres Arts, visuels surtout, comme en peinture.		4	0	twenties		Français de France		fr	
60ffe86705df485b3ce8961ade444a9a0aac2a59946b4fbd4f343016cf01aca08ca1f0e98394b2af6c7205483b7269dc32ceb61410283994b8641c7ffb6a4e52	common_voice_fr_40523256.mp3	4fde254ce9b1508e06a2ed10accac1b66621558870d847f46992f59d51f8472c	Elle est la femme avec la plus longue présence au Sénat.		2	0	twenties		Français de France		fr	
60ffe86705df485b3ce8961ade444a9a0aac2a59946b4fbd4f343016cf01aca08ca1f0e98394b2af6c7205483b7269dc32ceb61410283994b8641c7ffb6a4e52	common_voice_fr_40523278.mp3	4fc6b5c9a90981b42ed1411b387d76fd9687fb244950eac9a6ea940252e646ea	Ce thème est également fréquemment illustré sur les décors de céramique grecque.		2	0	twenties		Français de France		fr	
8315884db36fe48bad88b33bc629dd4752038eed391215dd3bedd375f6a7ae72b449581069c6e81b699fad2d0b2355447e8d991e98c91e163b9fd3eeabbd24cd	common_voice_fr_40428655.mp3	0ce1950e3fc339b4791c9d4f17cb8881d9e65874b89c2f2d3c34a5c0eedfc92f	On le savait sourd, on l'eût dit aveugle.		2	0	seventies				fr	
8315884db36fe48bad88b33bc629dd4752038eed391215dd3bedd375f6a7ae72b449581069c6e81b699fad2d0b2355447e8d991e98c91e163b9fd3eeabbd24cd	common_voice_fr_40428807.mp3	0c9ce58a872518341b6ad7997e7cc1610e7885b4b5d82c7a8f054723ef4119c0	Ces noceurs-là étaient raides comme la justice et tendres comme des agneaux.		2	0	seventies				fr	
8315884db36fe48bad88b33bc629dd4752038eed391215dd3bedd375f6a7ae72b449581069c6e81b699fad2d0b2355447e8d991e98c91e163b9fd3eeabbd24cd	common_voice_fr_40428820.mp3	4f8928b7bd1d698f0520ab54fafdc995d9e9ad281bcf9c2036bd20053d7e3b7d	Son église dépendait de l'abbaye de Baignes.		2	0	seventies				fr	
8315884db36fe48bad88b33bc629dd4752038eed391215dd3bedd375f6a7ae72b449581069c6e81b699fad2d0b2355447e8d991e98c91e163b9fd3eeabbd24cd	common_voice_fr_40432421.mp3	4f9f36d1d6172c1d0527b1bb90d6e71b90772fd825a8ccb6ede33f11c8469ff6	Les ventes ont lieu sur le site.		2	0	seventies				fr	
8315884db36fe48bad88b33bc629dd4752038eed391215dd3bedd375f6a7ae72b449581069c6e81b699fad2d0b2355447e8d991e98c91e163b9fd3eeabbd24cd	common_voice_fr_40437563.mp3	4faf428fb29169dcc63ca931cd78062565878439da10530564e08dab1e21f617	J'erre longtemps sur la plage, puis je me promène sur une longue route.		2	0	seventies				fr	
8315884db36fe48bad88b33bc629dd4752038eed391215dd3bedd375f6a7ae72b449581069c6e81b699fad2d0b2355447e8d991e98c91e163b9fd3eeabbd24cd	common_voice_fr_40444093.mp3	0cf5d84324f374f4803f69950b660e99e1c4a898eb9a46dd356b0017dc1f750c	Il salua jusqu'à terre monsieur le maire, et sortit.		2	0	seventies				fr	
8315884db36fe48bad88b33bc629dd4752038eed391215dd3bedd375f6a7ae72b449581069c6e81b699fad2d0b2355447e8d991e98c91e163b9fd3eeabbd24cd	common_voice_fr_40444122.mp3	4fa5eed572f5d93f710007b8b0e6c8536d3c6ee9cf9040c32bf41161a47cb4fc	Auparavant, il a enseigné dans les universités de Strasbourg et Montpellier.		2	0	seventies				fr	
8315884db36fe48bad88b33bc629dd4752038eed391215dd3bedd375f6a7ae72b449581069c6e81b699fad2d0b2355447e8d991e98c91e163b9fd3eeabbd24cd	common_voice_fr_40458102.mp3	4fae1c0bc7c9bea3d8852f5165f9896fb2e3a664afda9b6392f589d41bbbc2c2	Il décrit alors la vie et la carrière du défunt.		2	0					fr	
8315884db36fe48bad88b33bc629dd4752038eed391215dd3bedd375f6a7ae72b449581069c6e81b699fad2d0b2355447e8d991e98c91e163b9fd3eeabbd24cd	common_voice_fr_40458112.mp3	4fb5d2780b546e327fde089451b7e7808467655f5f1efa979fc7df0cf91a0582	C'est peu à peu la notion de home cinema qui est en train d'émerger.		2	0					fr	
8315884db36fe48bad88b33bc629dd4752038eed391215dd3bedd375f6a7ae72b449581069c6e81b699fad2d0b2355447e8d991e98c91e163b9fd3eeabbd24cd	common_voice_fr_40461651.mp3	4f8dc87f8e8d033024a94fe70e59730c07193cc8435141170c6f0aebbea749d3	L'analyse coût-bénéfice est aujourd'hui une discipline enseignée et reconnue aux États-Unis.		2	0	seventies				fr	
8315884db36fe48bad88b33bc629dd4752038eed391215dd3bedd375f6a7ae72b449581069c6e81b699fad2d0b2355447e8d991e98c91e163b9fd3eeabbd24cd	common_voice_fr_40514827.mp3	4fed40087f722f319f86386b3389c857b3c36165dd8603395451d16f9284a2dd	On n’a pas d’éléments concrets pour bien estimer sa date de naissance.		2	0	seventies				fr	
8315884db36fe48bad88b33bc629dd4752038eed391215dd3bedd375f6a7ae72b449581069c6e81b699fad2d0b2355447e8d991e98c91e163b9fd3eeabbd24cd	common_voice_fr_40546023.mp3	4fd32d6671cb7ebb64361e8e715222378eeeaeedd3abf0b07d367d84f605761f	Il possède plusieurs batteries.		2	0	seventies				fr	
e609fab857940608e81599f2279c9f81b48758d3cf05018d078ee3799f6e20992e6f8ba10b1cb78a9aa4bd8344ce7cc20f26d6d0441db1363f34d7dd241f6bd1	common_voice_fr_40509135.mp3	4fe457c5144ccb76c9c4391dbd7d2333a0d88673d3111acf0d6533c8377b8da9	L'orchestre outre les cordes, invite deux hautbois et deux cors.		2	0	twenties		Français de France		fr	
e609fab857940608e81599f2279c9f81b48758d3cf05018d078ee3799f6e20992e6f8ba10b1cb78a9aa4bd8344ce7cc20f26d6d0441db1363f34d7dd241f6bd1	common_voice_fr_40509137.mp3	4fe4c832689bd6771dbe85ebd089a57090eb436382e57f41d30d911949d64f46	Elles sont confiées à Jean-François Piot et Jean-Pierre Nicolas.		2	0	twenties		Français de France		fr	
e609fab857940608e81599f2279c9f81b48758d3cf05018d078ee3799f6e20992e6f8ba10b1cb78a9aa4bd8344ce7cc20f26d6d0441db1363f34d7dd241f6bd1	common_voice_fr_40509248.mp3	4fde9ee0a2ed85a8addae0dc5571058a5d0fcae86ad942602ebc13b7d837cd8c	Ils y perpétuèrent leur œuvre de copistes.		4	0	twenties		Français de France		fr	
e609fab857940608e81599f2279c9f81b48758d3cf05018d078ee3799f6e20992e6f8ba10b1cb78a9aa4bd8344ce7cc20f26d6d0441db1363f34d7dd241f6bd1	common_voice_fr_40509250.mp3	4fdec19f53450ebfad41c4c1fef07c1b639a04922a75afd3e01cf13514bff5d6	Cet oiseau vit dans la Sierra Madre occidentale au Mexique.		2	0	twenties		Français de France		fr	
e609fab857940608e81599f2279c9f81b48758d3cf05018d078ee3799f6e20992e6f8ba10b1cb78a9aa4bd8344ce7cc20f26d6d0441db1363f34d7dd241f6bd1	common_voice_fr_40509267.mp3	1063aac4c1117e0edeb15d45b8605323b696864a1fd8abc79ef6b3dccf121b9e	Très tard.		2	0	twenties		Français de France		fr	
e609fab857940608e81599f2279c9f81b48758d3cf05018d078ee3799f6e20992e6f8ba10b1cb78a9aa4bd8344ce7cc20f26d6d0441db1363f34d7dd241f6bd1	common_voice_fr_40509268.mp3	0eb9be4c7df5b5de514a9a82c15708f4a80c93fa68f9f96e3b554f94c30cb62a	Avec des soins, aucune complication grave ne se produira, certainement.		2	0	twenties		Français de France		fr	
e609fab857940608e81599f2279c9f81b48758d3cf05018d078ee3799f6e20992e6f8ba10b1cb78a9aa4bd8344ce7cc20f26d6d0441db1363f34d7dd241f6bd1	common_voice_fr_40509322.mp3	0e1019d438e54218e61155299e3340e0d908208660b1229d94e1d298cd061445	Il étendit le bras, il fit un serment.		2	0	twenties		Français de France		fr	
e609fab857940608e81599f2279c9f81b48758d3cf05018d078ee3799f6e20992e6f8ba10b1cb78a9aa4bd8344ce7cc20f26d6d0441db1363f34d7dd241f6bd1	common_voice_fr_40509344.mp3	4fe172d22617fa1ebaff3cba6b80773415f151eb8cf294cbf307d3fade150288	J’ai le temps, reprit l’inspecteur, mais je n’ai que le temps.		2	0	twenties		Français de France		fr	
e609fab857940608e81599f2279c9f81b48758d3cf05018d078ee3799f6e20992e6f8ba10b1cb78a9aa4bd8344ce7cc20f26d6d0441db1363f34d7dd241f6bd1	common_voice_fr_40509442.mp3	4fe5176cc8e175b6fbb9bbf05ed0b87ab720edd8e09310c351536f79d81ebfaf	Il est chargé de piloter la fusion avec le Crédit agricole.		2	0	twenties		Français de France		fr	
e609fab857940608e81599f2279c9f81b48758d3cf05018d078ee3799f6e20992e6f8ba10b1cb78a9aa4bd8344ce7cc20f26d6d0441db1363f34d7dd241f6bd1	common_voice_fr_40509443.mp3	4fcbe83665b141d396c9b29108ac0dac5fb4740e262edc5568ec557fe0164317	C'est sa première grande victoire au niveau World Tour.		2	0	twenties		Français de France		fr	
e609fab857940608e81599f2279c9f81b48758d3cf05018d078ee3799f6e20992e6f8ba10b1cb78a9aa4bd8344ce7cc20f26d6d0441db1363f34d7dd241f6bd1	common_voice_fr_40509611.mp3	4fd796c4eb46ea936fe348de2fe728ca2d3359c571151cd25e0cdcb63a08ddf7	Un recensement des voitures est même effectué.		2	0	twenties		Français de France		fr	
e609fab857940608e81599f2279c9f81b48758d3cf05018d078ee3799f6e20992e6f8ba10b1cb78a9aa4bd8344ce7cc20f26d6d0441db1363f34d7dd241f6bd1	common_voice_fr_40509613.mp3	4fdf204aabfde73e8f187885e87b8e698633cf1b528101e6c5fde899b1ee2c1d	Son œuvre littéraire est très varié.		2	0	twenties		Français de France		fr	
e609fab857940608e81599f2279c9f81b48758d3cf05018d078ee3799f6e20992e6f8ba10b1cb78a9aa4bd8344ce7cc20f26d6d0441db1363f34d7dd241f6bd1	common_voice_fr_40509675.mp3	4fd139f667a6847f828ce8c10bd618065e3d80160094ff2eb69a44fd4b0da3e5	C'est la couleur des œufs de saumon.		2	0	twenties		Français de France		fr	
e609fab857940608e81599f2279c9f81b48758d3cf05018d078ee3799f6e20992e6f8ba10b1cb78a9aa4bd8344ce7cc20f26d6d0441db1363f34d7dd241f6bd1	common_voice_fr_40509679.mp3	4fcdaee756e204ff77f7305a309981a0b974674c215bd01e2c3abe2bba2bec45	Les trois otages sont exécutés.		2	0	twenties		Français de France		fr	
e609fab857940608e81599f2279c9f81b48758d3cf05018d078ee3799f6e20992e6f8ba10b1cb78a9aa4bd8344ce7cc20f26d6d0441db1363f34d7dd241f6bd1	common_voice_fr_40509711.mp3	10011101b2ef670bf0406b766d097393f3bd5919499fe6525fd1f2ef371e5446	Simplement quelque chose que j'ai à vous dire.		2	0	twenties		Français de France		fr	
c6d2a127c92e5fe639519bb7e51df5a087d6e4eebab47a9d8faf8382120f01e3938fbbdf94499d8b92d4c1fe784036039933622ca08b005ca23e57899d2c156b	common_voice_fr_40222349.mp3	4f65717156ffb307bb5f19f898e2a7363283d9a4e799c3ef78f47c87b21c50d2	Le céphalothorax est un peu plus long que large.		2	0					fr	
c6d2a127c92e5fe639519bb7e51df5a087d6e4eebab47a9d8faf8382120f01e3938fbbdf94499d8b92d4c1fe784036039933622ca08b005ca23e57899d2c156b	common_voice_fr_40222361.mp3	4f2f0fa1a246e32966b9ffd579a72937a682cf97c2103c3e6a49c77b2e11242c	Il également membre du conseil d'exploitation de l'office de tourisme de Gassin.		2	0					fr	
c6d2a127c92e5fe639519bb7e51df5a087d6e4eebab47a9d8faf8382120f01e3938fbbdf94499d8b92d4c1fe784036039933622ca08b005ca23e57899d2c156b	common_voice_fr_40222374.mp3	4f6da5cfa237d02050f04a3deba097b12925a4e28750d6f97fa9717eb12c8bc4	La tour et les bâtiments alentour sont détruits ou endommagés, y compris les Offices.		2	0					fr	
c6d2a127c92e5fe639519bb7e51df5a087d6e4eebab47a9d8faf8382120f01e3938fbbdf94499d8b92d4c1fe784036039933622ca08b005ca23e57899d2c156b	common_voice_fr_40222379.mp3	4f720bcdc96dbec2b33d65264a3a5d91d9a76006e012e1529dce898f9edba96a	Ainsi meurt-elle rapidement et paisiblement.		2	0					fr	
c6d2a127c92e5fe639519bb7e51df5a087d6e4eebab47a9d8faf8382120f01e3938fbbdf94499d8b92d4c1fe784036039933622ca08b005ca23e57899d2c156b	common_voice_fr_40222381.mp3	4f52609c7672bd9e32ba98e5cb097da4e1d0ec068741d24b1df1e3e1e3d4f981	Elle avait jadis un chapelain perpétuel et dépendait de la cure.		2	0					fr	
c6d2a127c92e5fe639519bb7e51df5a087d6e4eebab47a9d8faf8382120f01e3938fbbdf94499d8b92d4c1fe784036039933622ca08b005ca23e57899d2c156b	common_voice_fr_40222391.mp3	4f70d14594257632108cbc8236c83ea868c2ead39d61b35f883b19bd023aaa87	Elle a longtemps été une volonté politique.		2	0					fr	
c6d2a127c92e5fe639519bb7e51df5a087d6e4eebab47a9d8faf8382120f01e3938fbbdf94499d8b92d4c1fe784036039933622ca08b005ca23e57899d2c156b	common_voice_fr_40222394.mp3	4f6e4b5adc2a645ed4538f4a27b4a725530113563e51a09f80a29d194f1fdf98	Après cet épisode, on perd pratiquement sa trace.		2	0					fr	
c6d2a127c92e5fe639519bb7e51df5a087d6e4eebab47a9d8faf8382120f01e3938fbbdf94499d8b92d4c1fe784036039933622ca08b005ca23e57899d2c156b	common_voice_fr_40222395.mp3	0b68621fb229e4302c87c258cd12ef6e855f621624d4466415e38a045a0011cc	Tue!		2	0					fr	
c6d2a127c92e5fe639519bb7e51df5a087d6e4eebab47a9d8faf8382120f01e3938fbbdf94499d8b92d4c1fe784036039933622ca08b005ca23e57899d2c156b	common_voice_fr_40222465.mp3	4f6d0e5df3c456edd1d4d3904ea74e39cc7e3b1963fda22429693c945bba19af	En particulier, le jargon informatique est inévitable.		2	0					fr	
c6d2a127c92e5fe639519bb7e51df5a087d6e4eebab47a9d8faf8382120f01e3938fbbdf94499d8b92d4c1fe784036039933622ca08b005ca23e57899d2c156b	common_voice_fr_40222565.mp3	0b6a148a761e4ea2c0e87c8a443b246404a1adf0027ff010c6ad7a82656d6d39	Cette fois, c'était trop, le baron se fâcha.		2	0					fr	
c6d2a127c92e5fe639519bb7e51df5a087d6e4eebab47a9d8faf8382120f01e3938fbbdf94499d8b92d4c1fe784036039933622ca08b005ca23e57899d2c156b	common_voice_fr_40222573.mp3	4f783c9cf0975809961402e3d5be9d2584a5571355795ef50da5be6f5b03c3da	Dans la chambre aux miroirs.		2	0					fr	
c6d2a127c92e5fe639519bb7e51df5a087d6e4eebab47a9d8faf8382120f01e3938fbbdf94499d8b92d4c1fe784036039933622ca08b005ca23e57899d2c156b	common_voice_fr_40222615.mp3	4f58aa601dffbf9a0fdfb7dce2a2ecd3751fb5fc946c733f2dd19153f80ec602	Les plaines Argentines		2	0					fr	
c6d2a127c92e5fe639519bb7e51df5a087d6e4eebab47a9d8faf8382120f01e3938fbbdf94499d8b92d4c1fe784036039933622ca08b005ca23e57899d2c156b	common_voice_fr_40222621.mp3	4f79b96e06d3a670d6ea939c51b1e4b57e24d3fc4970725f9d280e593af59db7	La ligne de chemin de fer n'existe plus.		2	0					fr	
c6d2a127c92e5fe639519bb7e51df5a087d6e4eebab47a9d8faf8382120f01e3938fbbdf94499d8b92d4c1fe784036039933622ca08b005ca23e57899d2c156b	common_voice_fr_40222685.mp3	4f566b9a26d07b79451e382ac2b22205397915220f04595ac74aa26839dc3d67	Ces derniers, surpris et trop peu nombreux prennent la fuite.		2	0					fr	
c6d2a127c92e5fe639519bb7e51df5a087d6e4eebab47a9d8faf8382120f01e3938fbbdf94499d8b92d4c1fe784036039933622ca08b005ca23e57899d2c156b	common_voice_fr_40222687.mp3	4f7f43661e3459d50c4e24ebf0c395d11fe94c0467e833b2222f3705a0bac5f8	Elles sont affectées au dépôt de Saint-Gervais.		2	0					fr	
c6d2a127c92e5fe639519bb7e51df5a087d6e4eebab47a9d8faf8382120f01e3938fbbdf94499d8b92d4c1fe784036039933622ca08b005ca23e57899d2c156b	common_voice_fr_40223680.mp3	4f7e18b2b545c5ecdee8bd80c308db412e7c74eb5c4aaf907acdcacb8148f45b	Elle est généralement utilisée pour décorer une phrase ou un groupe de mots.		2	0					fr	
683df021b80f2e2364e25f34385184525ad172577c4c6616172f7c303bc36d12d908796d9e4322b68d0bce434ce645cf97d9548d2a5217574e017de2246fa646	common_voice_fr_40510293.mp3	4fdcc4059637fe8b9e0eb029038e61bd6616905c3db59244cb6421f545e1e3d1	Raison pour laquelle les ébionites rejetaient les écrits de Paul.		2	0	twenties		Français de France		fr	
683df021b80f2e2364e25f34385184525ad172577c4c6616172f7c303bc36d12d908796d9e4322b68d0bce434ce645cf97d9548d2a5217574e017de2246fa646	common_voice_fr_40510322.mp3	4fe29b31d84664764b5cc199264944b5d39e1ca83b27a8fa74cabdd3d1aeca4f	Les dons de vêtements venus d'Occident y ont décimé l'industrie textile.		2	0	twenties		Français de France		fr	
683df021b80f2e2364e25f34385184525ad172577c4c6616172f7c303bc36d12d908796d9e4322b68d0bce434ce645cf97d9548d2a5217574e017de2246fa646	common_voice_fr_40510327.mp3	4fd9f9cad2197774b4c6cbcf3da5ce4f85c0c4db958f132e0e0b50ede9d722d6	Il a enseigné la culture physique et la boxe durant plusieurs années.		2	0	twenties		Français de France		fr	
683df021b80f2e2364e25f34385184525ad172577c4c6616172f7c303bc36d12d908796d9e4322b68d0bce434ce645cf97d9548d2a5217574e017de2246fa646	common_voice_fr_40510353.mp3	4fc7c0807a0523f73d3ce55da4a9f13f721bee7688467f3ca5481dfeda379d64	Ils résistent particulièrement bien aux petites variations de longueur d'onde.		2	0	twenties		Français de France		fr	
683df021b80f2e2364e25f34385184525ad172577c4c6616172f7c303bc36d12d908796d9e4322b68d0bce434ce645cf97d9548d2a5217574e017de2246fa646	common_voice_fr_40510378.mp3	0dcea55cd8f9f505644090c14d0efee946b75160700465a05b1aff57f95d958b	Pour ta défense!		2	0	twenties		Français de France		fr	
683df021b80f2e2364e25f34385184525ad172577c4c6616172f7c303bc36d12d908796d9e4322b68d0bce434ce645cf97d9548d2a5217574e017de2246fa646	common_voice_fr_40510408.mp3	4fd974f92e3a824a1097321526d29adab3f7ee6936fd17ecdcb09581172cdc02	Banlieue parisienne : Courbevoie, Puteaux.		2	0	twenties		Français de France		fr	
683df021b80f2e2364e25f34385184525ad172577c4c6616172f7c303bc36d12d908796d9e4322b68d0bce434ce645cf97d9548d2a5217574e017de2246fa646	common_voice_fr_40510473.mp3	4fe76aae13f2586677a4382c01aed2c61b7a91e7f7fbce912e2516125825b31c	La séquence est tournée de façon si réaliste qu’elle apparaît comme vraie.		2	0	twenties		Français de France		fr	
683df021b80f2e2364e25f34385184525ad172577c4c6616172f7c303bc36d12d908796d9e4322b68d0bce434ce645cf97d9548d2a5217574e017de2246fa646	common_voice_fr_40510478.mp3	4fe9f3c5261679edd5fbedd763a16d5f1e16e5f3292f4105928707a060309d41	La couverture était dessinée par Alain Le Saux.		2	0	twenties		Français de France		fr	
683df021b80f2e2364e25f34385184525ad172577c4c6616172f7c303bc36d12d908796d9e4322b68d0bce434ce645cf97d9548d2a5217574e017de2246fa646	common_voice_fr_40510516.mp3	4fd78282b5ec3fd4c023040265bad1a215894833c692e81beab16acbf29d4ae9	Le ver luisant dans l’ombre erre avec son flambeau.		2	0	twenties		Français de France		fr	
683df021b80f2e2364e25f34385184525ad172577c4c6616172f7c303bc36d12d908796d9e4322b68d0bce434ce645cf97d9548d2a5217574e017de2246fa646	common_voice_fr_40510564.mp3	4fe73817bd796b09e34a04a7e02051ea6f7af6711bc3fa04baedd9dce381cd22	Elle joue un rôle important en médecine traditionnelle.		2	0	twenties		Français de France		fr	
683df021b80f2e2364e25f34385184525ad172577c4c6616172f7c303bc36d12d908796d9e4322b68d0bce434ce645cf97d9548d2a5217574e017de2246fa646	common_voice_fr_40510590.mp3	4fc5303ff274f46d579e5ed5e816d97c34d8cb2cbffb8402731ad26d358d234d	Il pensait que c'était sans intérêt et prétentieux.		4	0	twenties		Français de France		fr	
683df021b80f2e2364e25f34385184525ad172577c4c6616172f7c303bc36d12d908796d9e4322b68d0bce434ce645cf97d9548d2a5217574e017de2246fa646	common_voice_fr_40510591.mp3	4feb01172b869b2ff98df3f612027a1c4f681941a43699f6c16841636cb45d0a	Sur l’extérieur de la piste on trouve les bons danseurs, à l’intérieur les débutants.		2	0	twenties		Français de France		fr	
683df021b80f2e2364e25f34385184525ad172577c4c6616172f7c303bc36d12d908796d9e4322b68d0bce434ce645cf97d9548d2a5217574e017de2246fa646	common_voice_fr_40510592.mp3	4fdf094ea6964dee17d1737f293047c9224959b0e0b3a1f533386f1fe463258f	Styles du clan Bullet Club et en devient le leader.		2	0	twenties		Français de France		fr	
683df021b80f2e2364e25f34385184525ad172577c4c6616172f7c303bc36d12d908796d9e4322b68d0bce434ce645cf97d9548d2a5217574e017de2246fa646	common_voice_fr_40510686.mp3	4fcc5543cea3fe21255b8f2097c80ca943eaa179bdba6aa4192fa013b1f9d022	Parmi les quatre clubs de la saison précédente, l'Union sportive marseillaise déclare forfait général.		4	0	twenties		Français de France		fr	
683df021b80f2e2364e25f34385184525ad172577c4c6616172f7c303bc36d12d908796d9e4322b68d0bce434ce645cf97d9548d2a5217574e017de2246fa646	common_voice_fr_40510728.mp3	4fe59cb5b334f99fdb3f6b328b33295be2029a9bcc56ec3e93ad02f849bee595	Contrairement à la première édition, la finale se jouait en matches aller-retour.		4	0	twenties		Français de France		fr	
683df021b80f2e2364e25f34385184525ad172577c4c6616172f7c303bc36d12d908796d9e4322b68d0bce434ce645cf97d9548d2a5217574e017de2246fa646	common_voice_fr_40510730.mp3	4fe38b536f53bca8b1dbd7541ddbfe85c03456b056a3a13dc4db0371888ccdac	Son défaut, c’était cette admirable qualité, la confiance.		2	0	twenties		Français de France		fr	
683df021b80f2e2364e25f34385184525ad172577c4c6616172f7c303bc36d12d908796d9e4322b68d0bce434ce645cf97d9548d2a5217574e017de2246fa646	common_voice_fr_40510768.mp3	0e315676c640a25711fed48acc3b7af2ca1d9d0b0df85b4229dcde38db89e3b7	Un homme est toujours la proie de ses vérités.		2	0	twenties		Français de France		fr	
b9e4f4e5255d1446d3adedde78abe413dd9fe964f898dede79ca435b5567f73479a681a63102923004668d06af845e24dbd14a2f6ac57e0503c9c15ccf15a5ed	common_voice_fr_40439293.mp3	4fa76371ddb63471267629bf17085fb399ff82d072e7ab8b5c27ae8cd5f3ae86	Elle se trouve à l'ouest de l'église quand on regarde depuis le porche.		2	0	twenties		Français de Bretagne,Français de France		fr	
b9e4f4e5255d1446d3adedde78abe413dd9fe964f898dede79ca435b5567f73479a681a63102923004668d06af845e24dbd14a2f6ac57e0503c9c15ccf15a5ed	common_voice_fr_40439294.mp3	4facec43d304e0d05c294c96b8f790c4a2f89504be8de5d7be7735b91ddb18a1	Il a entamé, la même année, une réclamation judiciaire au nom de son fils.		2	0	twenties		Français de Bretagne,Français de France		fr	
b9e4f4e5255d1446d3adedde78abe413dd9fe964f898dede79ca435b5567f73479a681a63102923004668d06af845e24dbd14a2f6ac57e0503c9c15ccf15a5ed	common_voice_fr_40439296.mp3	4fab1c662e2afe066f3041fab5f09d5563e99e6b3e79955b1d4c28e5502723e4	Nicolas et ses copains se cotisent.		2	0	twenties		Français de Bretagne,Français de France		fr	
b9e4f4e5255d1446d3adedde78abe413dd9fe964f898dede79ca435b5567f73479a681a63102923004668d06af845e24dbd14a2f6ac57e0503c9c15ccf15a5ed	common_voice_fr_40439349.mp3	052faa7a1d1dce995080bdb0eb5e0220458325dd1ad95f8f0c1eece43bd54fc2	Les projets d'autoroutes apparaissent obsolètes, à l'heure du réchauffement climatique.	news_current_affairs	2	0	twenties		Français de Bretagne,Français de France		fr	
b9e4f4e5255d1446d3adedde78abe413dd9fe964f898dede79ca435b5567f73479a681a63102923004668d06af845e24dbd14a2f6ac57e0503c9c15ccf15a5ed	common_voice_fr_40439364.mp3	4fabf117b0af27367d11d8f9eca2c89492145e2a6a592810bc196a2132b38053	Il réalise une préparation réussie et persuade le staff de lui donner sa chance.		2	0	twenties		Français de Bretagne,Français de France		fr	
b9e4f4e5255d1446d3adedde78abe413dd9fe964f898dede79ca435b5567f73479a681a63102923004668d06af845e24dbd14a2f6ac57e0503c9c15ccf15a5ed	common_voice_fr_40439367.mp3	4f84e860380e8049a42edda77647637271c67d5824e7b35921fde0b315976cfe	Il renaît toujours de ses bulles.		2	0	twenties		Français de Bretagne,Français de France		fr	
b9e4f4e5255d1446d3adedde78abe413dd9fe964f898dede79ca435b5567f73479a681a63102923004668d06af845e24dbd14a2f6ac57e0503c9c15ccf15a5ed	common_voice_fr_40439368.mp3	0cdf367022be2cb17b1c9f3c1861969baf019481d973d243f4d345c16268bfde	Mon bon ange!		2	0	twenties		Français de Bretagne,Français de France		fr	
b9e4f4e5255d1446d3adedde78abe413dd9fe964f898dede79ca435b5567f73479a681a63102923004668d06af845e24dbd14a2f6ac57e0503c9c15ccf15a5ed	common_voice_fr_40439379.mp3	4fb291d7e6568faef896daf00fa3672af5d1261ad7bc5c2689eb45faa2cd93a1	Il en reviendra avec des liqueurs et du xérès pour son Gouverneur.		2	0	twenties		Français de Bretagne,Français de France		fr	
b9e4f4e5255d1446d3adedde78abe413dd9fe964f898dede79ca435b5567f73479a681a63102923004668d06af845e24dbd14a2f6ac57e0503c9c15ccf15a5ed	common_voice_fr_40439380.mp3	4faa1d83bcd7e6a89fb15272bc6b2dbe78a9433928cbe1b84f262b8501377c98	On y retrouve notamment les fonctions de Windows Media Center.		2	0	twenties		Français de Bretagne,Français de France		fr	
b9e4f4e5255d1446d3adedde78abe413dd9fe964f898dede79ca435b5567f73479a681a63102923004668d06af845e24dbd14a2f6ac57e0503c9c15ccf15a5ed	common_voice_fr_40439381.mp3	0d493191fed06f619aaf6cec9484c98b2f61fbffa83824590e51cc6da2958f7f	Ces jeunes gens étaient insignifiants.		2	0	twenties		Français de Bretagne,Français de France		fr	
b9e4f4e5255d1446d3adedde78abe413dd9fe964f898dede79ca435b5567f73479a681a63102923004668d06af845e24dbd14a2f6ac57e0503c9c15ccf15a5ed	common_voice_fr_40439382.mp3	4fa0b0ae8f740e4f3d0cd54d9b33b52ba76cd3d1beab3e0efd9f8796fbbf1348	Ce fut leur première apparition sur le réseau de télévision américain.		2	0	twenties		Français de Bretagne,Français de France		fr	
b9e4f4e5255d1446d3adedde78abe413dd9fe964f898dede79ca435b5567f73479a681a63102923004668d06af845e24dbd14a2f6ac57e0503c9c15ccf15a5ed	common_voice_fr_40439393.mp3	4f9bd32c7af979e3a2e6acd6b18b4b05bdb731e1c3a71bb45444c5925f3d7615	Une inflammation des muqueuses, mal soignée par trois bonnes de nationalités différentes, l'emporta.		2	0	twenties		Français de Bretagne,Français de France		fr	
b9e4f4e5255d1446d3adedde78abe413dd9fe964f898dede79ca435b5567f73479a681a63102923004668d06af845e24dbd14a2f6ac57e0503c9c15ccf15a5ed	common_voice_fr_40439443.mp3	4fabc01de9a9f360f46ae18bbbda73e081fc3a0e30d186e7425f6e0acf76652e	Cette saison, il se consacre avant tout à son fils.		4	0	twenties		Français de Bretagne,Français de France		fr	
b9e4f4e5255d1446d3adedde78abe413dd9fe964f898dede79ca435b5567f73479a681a63102923004668d06af845e24dbd14a2f6ac57e0503c9c15ccf15a5ed	common_voice_fr_40439487.mp3	4fa628331e769435733a0e99e6506877b62bfc66020b7dd244a5cde5a9c8b1f6	Belle manifesta très jeune de bonnes dispositions pour les arts.		2	0	twenties		Français de Bretagne,Français de France		fr	
b9e4f4e5255d1446d3adedde78abe413dd9fe964f898dede79ca435b5567f73479a681a63102923004668d06af845e24dbd14a2f6ac57e0503c9c15ccf15a5ed	common_voice_fr_40439524.mp3	4fae2a2747c536432c153240baaa627d3865be4bd56e80c0d10cb2115d27c6e1	Nicolas le retrouve.		4	0	thirties	non-binary	Français de Bretagne,Français de France		fr	
b9e4f4e5255d1446d3adedde78abe413dd9fe964f898dede79ca435b5567f73479a681a63102923004668d06af845e24dbd14a2f6ac57e0503c9c15ccf15a5ed	common_voice_fr_40439528.mp3	0cfdbb4700bb9c00c49615995ff05910c7e9655ac8db373e7af342ad468a0216	De l'argent volé, ma fortune!		2	0	thirties	non-binary	Français de Bretagne,Français de France		fr	
b9e4f4e5255d1446d3adedde78abe413dd9fe964f898dede79ca435b5567f73479a681a63102923004668d06af845e24dbd14a2f6ac57e0503c9c15ccf15a5ed	common_voice_fr_40439539.mp3	4fb44fdbb4a70d061c0a5aa69795dc13f869f5599cde9e80eab1c9b3f94d5e47	Cet événement produisit en Irlande une explosion d'indignation, suivie d'un mécontentement grandissant.		2	0	thirties	non-binary	Français de Bretagne,Français de France		fr	
b9e4f4e5255d1446d3adedde78abe413dd9fe964f898dede79ca435b5567f73479a681a63102923004668d06af845e24dbd14a2f6ac57e0503c9c15ccf15a5ed	common_voice_fr_40439568.mp3	4fafaa6ca1cd9e1b59ca193fc3881ea2610f63fd3e7d0824b7d32e47a65b518b	Elle comprend des libellules à coloration foncée avec des reflets verts ou jaunes métalliques.		2	0	thirties	non-binary	Français de Bretagne,Français de France		fr	
b9e4f4e5255d1446d3adedde78abe413dd9fe964f898dede79ca435b5567f73479a681a63102923004668d06af845e24dbd14a2f6ac57e0503c9c15ccf15a5ed	common_voice_fr_40439592.mp3	0d7eb4204600dd7997721962c2c7ef37e8b1259d1f177e1de022426f46a59afe	Je ne veux pas vous déranger.		2	0	thirties	non-binary	Français de Bretagne,Français de France		fr	
b9e4f4e5255d1446d3adedde78abe413dd9fe964f898dede79ca435b5567f73479a681a63102923004668d06af845e24dbd14a2f6ac57e0503c9c15ccf15a5ed	common_voice_fr_40449348.mp3	4fb01707ab4db577fdd929b063777ea2279953e35afd415eb29daa9c2079a299	Leur mariage est heureux en dépit de périodes de pauvreté.		4	0	thirties	non-binary	Français de Bretagne,Français de France		fr	
b9e4f4e5255d1446d3adedde78abe413dd9fe964f898dede79ca435b5567f73479a681a63102923004668d06af845e24dbd14a2f6ac57e0503c9c15ccf15a5ed	common_voice_fr_40449350.mp3	0e6a01f9c1fbe1c304acd3d1ab7c88ff33dfb28ee9786d1214a7fc26c00cb0ae	Claude s'était remis à son dessin.		2	0	thirties	non-binary	Français de Bretagne,Français de France		fr	
551e786e69ac0ef6df62f4bbd248bbc3efe8c5ce12f44ff724e7b254f599b9e876bd57a9cc17d92bc6a02e774c57c251886f3cd4959299927c56a5a8322fdc9c	common_voice_fr_40211213.mp3	0b4b7e1ed9d6024aa7bb5cdda16e09dbf183fcba76bdc208f9d2c76038939965	Il était le père nourricier des pauvres.		2	0	twenties	male_masculine	Français de France		fr	
551e786e69ac0ef6df62f4bbd248bbc3efe8c5ce12f44ff724e7b254f599b9e876bd57a9cc17d92bc6a02e774c57c251886f3cd4959299927c56a5a8322fdc9c	common_voice_fr_40211218.mp3	4f79e059b87bc8692ffb7b9edc024f8bfc98b076d16f879441e5c15d125e3f19	Il peut, à volonté, faire apparaître un signal lumineux.		2	0	twenties	male_masculine	Français de France		fr	
551e786e69ac0ef6df62f4bbd248bbc3efe8c5ce12f44ff724e7b254f599b9e876bd57a9cc17d92bc6a02e774c57c251886f3cd4959299927c56a5a8322fdc9c	common_voice_fr_40223555.mp3	4f4e701e900f541df0cd97a6ebafd923879b7ee2155cd75b4074e40e9f57d806	Changeant souvent de résidence, il se rendit à Givet où il s'arrêta quelque temps.		2	0	twenties	male_masculine	Français de France		fr	
551e786e69ac0ef6df62f4bbd248bbc3efe8c5ce12f44ff724e7b254f599b9e876bd57a9cc17d92bc6a02e774c57c251886f3cd4959299927c56a5a8322fdc9c	common_voice_fr_40223557.mp3	4f07fb43af558bfda879e2a2f8d2dfee8de9bcd1c76bb84fc84915b8cd579743	Il fut membre de l'Académie brésilienne des lettres.		2	0	twenties	male_masculine	Français de France		fr	
551e786e69ac0ef6df62f4bbd248bbc3efe8c5ce12f44ff724e7b254f599b9e876bd57a9cc17d92bc6a02e774c57c251886f3cd4959299927c56a5a8322fdc9c	common_voice_fr_40223614.mp3	4f44a8c167cb1745890f2dcf42542469b4c18f573faddbc2df7be611d2086247	Et dire que ce sont nos amis qui nous envoient des boulets pareils !		2	0	twenties	male_masculine	Français de France		fr	
551e786e69ac0ef6df62f4bbd248bbc3efe8c5ce12f44ff724e7b254f599b9e876bd57a9cc17d92bc6a02e774c57c251886f3cd4959299927c56a5a8322fdc9c	common_voice_fr_40223643.mp3	4f5a3725a0b7a6ef310b2af1921e29ffe66bb32c52b81fb2428a4bd4c5e266d1	Un bureau de guerre de mine est également établi.		2	0	twenties	male_masculine	Français de France		fr	
551e786e69ac0ef6df62f4bbd248bbc3efe8c5ce12f44ff724e7b254f599b9e876bd57a9cc17d92bc6a02e774c57c251886f3cd4959299927c56a5a8322fdc9c	common_voice_fr_40223644.mp3	4f3fe0ce4bac700978b33eea28ffd4764c1942d1cb2b1cced0cb1e32bb89a5a9	Elle défend également les intérêts moraux et matériels du basket-ball malgache.		2	0	twenties	male_masculine	Français de France		fr	
551e786e69ac0ef6df62f4bbd248bbc3efe8c5ce12f44ff724e7b254f599b9e876bd57a9cc17d92bc6a02e774c57c251886f3cd4959299927c56a5a8322fdc9c	common_voice_fr_40223646.mp3	4f851eaa239a6d9b9371b39a667023e7ea5db146337b78e384477c9b5a765fdd	Les unités du jeu se déplacent en temps réel sur une carte stratégique.		2	0	twenties	male_masculine	Français de France		fr	
551e786e69ac0ef6df62f4bbd248bbc3efe8c5ce12f44ff724e7b254f599b9e876bd57a9cc17d92bc6a02e774c57c251886f3cd4959299927c56a5a8322fdc9c	common_voice_fr_40223893.mp3	4f808146a0ae44e2275b8b91c7c5c87846dec851c7b65220790ad536462359a5	Ce lever d’avril sur l’Atlantique fut superbe.		2	0	twenties	male_masculine	Français de France		fr	
551e786e69ac0ef6df62f4bbd248bbc3efe8c5ce12f44ff724e7b254f599b9e876bd57a9cc17d92bc6a02e774c57c251886f3cd4959299927c56a5a8322fdc9c	common_voice_fr_40223898.mp3	4f8904857a227d4beccc669bfd05ce4f6254ed7fd1443f03fac3b9a5beaa5e0e	Il est assis et tient un chasse-mouche.		2	0	twenties	male_masculine	Français de France		fr	
551e786e69ac0ef6df62f4bbd248bbc3efe8c5ce12f44ff724e7b254f599b9e876bd57a9cc17d92bc6a02e774c57c251886f3cd4959299927c56a5a8322fdc9c	common_voice_fr_40223905.mp3	4f59bcae015e16ab7769127f346fbfe50c76d38444348c0fec03dbe1908961c7	Elle est considérée comme une organisation Open Source de troisième génération.		2	0	twenties	male_masculine	Français de France		fr	
551e786e69ac0ef6df62f4bbd248bbc3efe8c5ce12f44ff724e7b254f599b9e876bd57a9cc17d92bc6a02e774c57c251886f3cd4959299927c56a5a8322fdc9c	common_voice_fr_40223934.mp3	4f7a51a17f510e78343dee3e1ae6879467f3830447f3c40e99ed5ff5a26ae901	Il émigre ensuite aux États-Unis.		2	0	twenties	male_masculine	Français de France		fr	
551e786e69ac0ef6df62f4bbd248bbc3efe8c5ce12f44ff724e7b254f599b9e876bd57a9cc17d92bc6a02e774c57c251886f3cd4959299927c56a5a8322fdc9c	common_voice_fr_40227422.mp3	4f8f6fd16a811d682b13d4cda38e89ce145f149741068d7574d62201d1a03e62	Elle est titulaire du diplôme d'animatrice socioculturelle.		2	0	twenties	male_masculine	Français de France		fr	
551e786e69ac0ef6df62f4bbd248bbc3efe8c5ce12f44ff724e7b254f599b9e876bd57a9cc17d92bc6a02e774c57c251886f3cd4959299927c56a5a8322fdc9c	common_voice_fr_40227460.mp3	4f926085f63f0f4e49ae1b60e59a247042d7026b3126af2477eb619779274fa0	Ils pratiquent la patrilinéarité.		2	0	twenties	male_masculine	Français de France		fr	
551e786e69ac0ef6df62f4bbd248bbc3efe8c5ce12f44ff724e7b254f599b9e876bd57a9cc17d92bc6a02e774c57c251886f3cd4959299927c56a5a8322fdc9c	common_voice_fr_40227482.mp3	4f7aa01da12d7bcec7f45d6c2090c03ca901db921ef4a36241a5d25ca8314ba0	Il parle anglais, slovaque et allemand.		2	0	twenties	male_masculine	Français de France		fr	
551e786e69ac0ef6df62f4bbd248bbc3efe8c5ce12f44ff724e7b254f599b9e876bd57a9cc17d92bc6a02e774c57c251886f3cd4959299927c56a5a8322fdc9c	common_voice_fr_40227489.mp3	4f3b45a07c3cd00ba0c86b9e3b47337a258b8557b08f9135971a82203c2e59d6	L'ensemble faisait près d'un hectare.		2	0	twenties	male_masculine	Français de France		fr	
551e786e69ac0ef6df62f4bbd248bbc3efe8c5ce12f44ff724e7b254f599b9e876bd57a9cc17d92bc6a02e774c57c251886f3cd4959299927c56a5a8322fdc9c	common_voice_fr_40227520.mp3	4f958e3abd26c5b8779f84d0fdfe0e2dbde235eb63f1314028e325295731fcaa	Les visiteurs sont aussi accueillis pour des tours guidés en été.		2	0	twenties	male_masculine	Français de France		fr	
551e786e69ac0ef6df62f4bbd248bbc3efe8c5ce12f44ff724e7b254f599b9e876bd57a9cc17d92bc6a02e774c57c251886f3cd4959299927c56a5a8322fdc9c	common_voice_fr_40227531.mp3	4f97e441617b91982b2f6923589f1f0262bd6eacf983cfc4157938417984e6f3	C'est toute l'Europe qui est mobilisée.		2	0	twenties	male_masculine	Français de France		fr	
551e786e69ac0ef6df62f4bbd248bbc3efe8c5ce12f44ff724e7b254f599b9e876bd57a9cc17d92bc6a02e774c57c251886f3cd4959299927c56a5a8322fdc9c	common_voice_fr_40227543.mp3	4f9a105aea74e6523714ea0a509941daf9c4a3ec18b52f85f3a8d3c0ac439f48	Très tactique à deux joueurs, le jeu est souvent comparé aux échecs.		2	0	twenties	male_masculine	Français de France		fr	
551e786e69ac0ef6df62f4bbd248bbc3efe8c5ce12f44ff724e7b254f599b9e876bd57a9cc17d92bc6a02e774c57c251886f3cd4959299927c56a5a8322fdc9c	common_voice_fr_40227544.mp3	4f7476fe9b72a141dcb6e18a67d97ff31a0c41fea082ad745fa1f3b108027a12	La diffusion de la série a été particulièrement chaotique.		2	0	twenties	male_masculine	Français de France		fr	
551e786e69ac0ef6df62f4bbd248bbc3efe8c5ce12f44ff724e7b254f599b9e876bd57a9cc17d92bc6a02e774c57c251886f3cd4959299927c56a5a8322fdc9c	common_voice_fr_40227553.mp3	4f7fbc0d09e537ad9632d7e864de93cc557c1e5d32c0ce32636018c2ee2baca1	Elle a jusqu’à minuit pour profiter de la fête.		2	0	twenties	male_masculine	Français de France		fr	
551e786e69ac0ef6df62f4bbd248bbc3efe8c5ce12f44ff724e7b254f599b9e876bd57a9cc17d92bc6a02e774c57c251886f3cd4959299927c56a5a8322fdc9c	common_voice_fr_40227561.mp3	4f98f458486a2c02a375d9f0af1fe6d38d4c319958c13691a602327897445d62	Le père s'entête.		2	0	twenties	male_masculine	Français de France		fr	
551e786e69ac0ef6df62f4bbd248bbc3efe8c5ce12f44ff724e7b254f599b9e876bd57a9cc17d92bc6a02e774c57c251886f3cd4959299927c56a5a8322fdc9c	common_voice_fr_40227571.mp3	4f904603d228a34107b98208beffad24141ab4a82b3b7acaae3ddfc07f7f9fdb	Il exerce de nombreux métiers puis devient astrologue.		2	0	twenties	male_masculine	Français de France		fr	
2c044f021ea63fff9c5dfdfd63ada829dcffa753718bd3d0d80d99864843ffca46cdec7a1f8531408893ac2d06c5afc95a9132d290cd277a9d35e9f64ea1ae49	common_voice_fr_40191566.mp3	4f54e580103c02e3702d7d92f81c8cc0b245b07e35a5d2d76de4f6838202fc83	Il parlait gallois couramment.		4	0			Français de France		fr	
2c044f021ea63fff9c5dfdfd63ada829dcffa753718bd3d0d80d99864843ffca46cdec7a1f8531408893ac2d06c5afc95a9132d290cd277a9d35e9f64ea1ae49	common_voice_fr_40191567.mp3	4f64b676631006e6f76d71d95807c14e4d9175a0a2639cc9a997e117dfaff074	Le penseur qui, d'en bas à leur splendeur uni		4	0			Français de France		fr	
2c044f021ea63fff9c5dfdfd63ada829dcffa753718bd3d0d80d99864843ffca46cdec7a1f8531408893ac2d06c5afc95a9132d290cd277a9d35e9f64ea1ae49	common_voice_fr_40191569.mp3	4f6333adc4b8ed7d165f1c94236d08a996a53936ecd6b1fcffe98f76b13a1082	Ses fortifications furent détruites par Richelieu.		2	0			Français de France		fr	
2c044f021ea63fff9c5dfdfd63ada829dcffa753718bd3d0d80d99864843ffca46cdec7a1f8531408893ac2d06c5afc95a9132d290cd277a9d35e9f64ea1ae49	common_voice_fr_40191578.mp3	4f669c95d475afdffd5241c3071eecac5e1f7912673fa84ba400bca7a62975b6	La production d'une seconde saison a été ainsi révélée.		2	0			Français de France		fr	
2c044f021ea63fff9c5dfdfd63ada829dcffa753718bd3d0d80d99864843ffca46cdec7a1f8531408893ac2d06c5afc95a9132d290cd277a9d35e9f64ea1ae49	common_voice_fr_40191579.mp3	4f6cdb9e7c5f529eb08eb4dfab0c04662caaae21058e347cadf1951301db126c	Il est ensuite restaurateur d'objets et agriculteur.		2	0			Français de France		fr	
2c044f021ea63fff9c5dfdfd63ada829dcffa753718bd3d0d80d99864843ffca46cdec7a1f8531408893ac2d06c5afc95a9132d290cd277a9d35e9f64ea1ae49	common_voice_fr_40191580.mp3	4f66bda9809bdc477b0170b0ac22de905da23fa30aac6c92ffeb216f47688fc7	L'origine de l'hôpital est assez ancienne.		4	0			Français de France		fr	
2c044f021ea63fff9c5dfdfd63ada829dcffa753718bd3d0d80d99864843ffca46cdec7a1f8531408893ac2d06c5afc95a9132d290cd277a9d35e9f64ea1ae49	common_voice_fr_40191611.mp3	4f68a721878f1f9ada865a5d0cfb41b5b3f5c81cea42bb0c4f0e20631078a70c	Une plaque à sa mémoire se trouve dans le portique d'entrée de l'abbaye.		2	0	twenties		Français de France		fr	
2c044f021ea63fff9c5dfdfd63ada829dcffa753718bd3d0d80d99864843ffca46cdec7a1f8531408893ac2d06c5afc95a9132d290cd277a9d35e9f64ea1ae49	common_voice_fr_40191629.mp3	4f68f76ce2d871048e9f044a413b9f73be612148410362d7b2d411dc0c81dc26	Cette marche pour l'égalité dans l'héritage est une première en Tunisie.		2	0	twenties		Français de France		fr	
2c044f021ea63fff9c5dfdfd63ada829dcffa753718bd3d0d80d99864843ffca46cdec7a1f8531408893ac2d06c5afc95a9132d290cd277a9d35e9f64ea1ae49	common_voice_fr_40191645.mp3	4f709cb55ca930acf76d958bd8fa55acf3d41965ad20c78e074b837c5e13b803	Les huit cœurs se partagent une seule unité de traitement en virgule flottante.		2	0	twenties		Français de France		fr	
2c044f021ea63fff9c5dfdfd63ada829dcffa753718bd3d0d80d99864843ffca46cdec7a1f8531408893ac2d06c5afc95a9132d290cd277a9d35e9f64ea1ae49	common_voice_fr_40191648.mp3	4f46051c7b449e664f09a1b8a5065e3ea759cf51182537a98fcbe8b26c87fe51	Les prédictions extraordinairement pessimistes à propos de la guerre ne doivent pas être oubliées.		2	0	twenties		Français de France		fr	
2c044f021ea63fff9c5dfdfd63ada829dcffa753718bd3d0d80d99864843ffca46cdec7a1f8531408893ac2d06c5afc95a9132d290cd277a9d35e9f64ea1ae49	common_voice_fr_40191650.mp3	4f526c223cca42869bf9eee22b045a13dfee7003c573767fd924ed58d7ce0dbf	Ces trois notions peuvent être plus ou moins abstraites dans la réalité construite.		2	0	twenties		Français de France		fr	
2c044f021ea63fff9c5dfdfd63ada829dcffa753718bd3d0d80d99864843ffca46cdec7a1f8531408893ac2d06c5afc95a9132d290cd277a9d35e9f64ea1ae49	common_voice_fr_40191655.mp3	4f247f2742759a6edf48a69ca4ea22c2ec1e3aceff7552b67be1a391a0e2b6fe	Il déploie alors une grande activité pour rétablir Pierre.		2	0	twenties		Français de France		fr	
2c044f021ea63fff9c5dfdfd63ada829dcffa753718bd3d0d80d99864843ffca46cdec7a1f8531408893ac2d06c5afc95a9132d290cd277a9d35e9f64ea1ae49	common_voice_fr_40191656.mp3	4f55e681081a956df2723e0d77576e6f04199c33447b137b6cc18b5d904a8b45	Au moins deux étoiles sdB sont connues pour être les hôtes de systèmes planétaires.		4	0	twenties		Français de France		fr	
2c044f021ea63fff9c5dfdfd63ada829dcffa753718bd3d0d80d99864843ffca46cdec7a1f8531408893ac2d06c5afc95a9132d290cd277a9d35e9f64ea1ae49	common_voice_fr_40191660.mp3	4f71d0d36ea7dffd5fe1374a3b7fec0e2e216126eb38307608b905ebd9c6a874	Les militants effectuent des recherches sur les camps d'extermination.		2	0	twenties		Français de France		fr	
2c044f021ea63fff9c5dfdfd63ada829dcffa753718bd3d0d80d99864843ffca46cdec7a1f8531408893ac2d06c5afc95a9132d290cd277a9d35e9f64ea1ae49	common_voice_fr_40191661.mp3	4f6cb2fb6e5c7245ba4e760f2945490e98405e77ce6981668ff8775c9207abc2	Son siège est à Luanda, la capitale.		4	0	twenties		Français de France		fr	
2c044f021ea63fff9c5dfdfd63ada829dcffa753718bd3d0d80d99864843ffca46cdec7a1f8531408893ac2d06c5afc95a9132d290cd277a9d35e9f64ea1ae49	common_voice_fr_40191663.mp3	4f6edebc43619252fe6cca7aed3e75191d099b068214595fe778709e03ebcd9d	Le Val de Loire possède un riche patrimoine constitué de monuments et sites prestigieux.		2	0	twenties		Français de France		fr	
2c044f021ea63fff9c5dfdfd63ada829dcffa753718bd3d0d80d99864843ffca46cdec7a1f8531408893ac2d06c5afc95a9132d290cd277a9d35e9f64ea1ae49	common_voice_fr_40191670.mp3	4f5496b5f1066192c08f4f33779bf6754fd99e85ebdb2b085237d7278f5fa563	C’est une loi.		2	0	twenties		Français de France		fr	
2c044f021ea63fff9c5dfdfd63ada829dcffa753718bd3d0d80d99864843ffca46cdec7a1f8531408893ac2d06c5afc95a9132d290cd277a9d35e9f64ea1ae49	common_voice_fr_40191672.mp3	4f6f8fbc2c2304e75e71bcfd2c1bab379383068ac9482ed2e9a3a1adc4327342	Le phare est peint en blanc, la lanterne est noire.		2	0	twenties		Français de France		fr	
2c044f021ea63fff9c5dfdfd63ada829dcffa753718bd3d0d80d99864843ffca46cdec7a1f8531408893ac2d06c5afc95a9132d290cd277a9d35e9f64ea1ae49	common_voice_fr_40191676.mp3	4f709cf9effe60005571c77614f197c1a65867f303102bc191b400270a5ab6a5	Il imagine des situations de fiction qui auraient pu ou qui pourront se produire.		2	0	twenties		Français de France		fr	
2c044f021ea63fff9c5dfdfd63ada829dcffa753718bd3d0d80d99864843ffca46cdec7a1f8531408893ac2d06c5afc95a9132d290cd277a9d35e9f64ea1ae49	common_voice_fr_40191678.mp3	4f5a80f4d126d2a7c68850ed9a4b7794912625ba1356fc1789233dcc27438ac3	Les numéros pairs sont donnés aux baies côté droit, au Sud.		4	0	twenties		Français de France		fr	
2c044f021ea63fff9c5dfdfd63ada829dcffa753718bd3d0d80d99864843ffca46cdec7a1f8531408893ac2d06c5afc95a9132d290cd277a9d35e9f64ea1ae49	common_voice_fr_40191679.mp3	4f52ead64b6a4bc417a738aef2cbae6b763c59f1f4ddf2b95318cc7c90bac659	On conserve dans cette rubrique différentes requêtes et demandes de renseignement sur l'œuvre.		2	0	twenties		Français de France		fr	
2c044f021ea63fff9c5dfdfd63ada829dcffa753718bd3d0d80d99864843ffca46cdec7a1f8531408893ac2d06c5afc95a9132d290cd277a9d35e9f64ea1ae49	common_voice_fr_40191683.mp3	4f6d42f24ef1b7a0a73abd432d9b01afd02efbb014b0eb1e223c0b29389fb164	Le clerc du parlement se leva.		2	0	twenties		Français de France		fr	
2c044f021ea63fff9c5dfdfd63ada829dcffa753718bd3d0d80d99864843ffca46cdec7a1f8531408893ac2d06c5afc95a9132d290cd277a9d35e9f64ea1ae49	common_voice_fr_40191684.mp3	4f3eb449caba5f6b0d1c79aabd65c879cadc2d05c7bdd173453ec63228ab3245	Ce dernier désire envoyer Lily en pension pour l'éloigner de sa mère et lui.		4	0	twenties		Français de France		fr	
2c044f021ea63fff9c5dfdfd63ada829dcffa753718bd3d0d80d99864843ffca46cdec7a1f8531408893ac2d06c5afc95a9132d290cd277a9d35e9f64ea1ae49	common_voice_fr_40191685.mp3	4f0e96c346924ed69b6a7e99410d8ed3f562c6fdf1bcb5669adb161b550dcd81	L'équipe gagnante est celle qui réussit à éliminer tous les gobelets de l'équipe adverse.		2	0	twenties		Français de France		fr	
2c044f021ea63fff9c5dfdfd63ada829dcffa753718bd3d0d80d99864843ffca46cdec7a1f8531408893ac2d06c5afc95a9132d290cd277a9d35e9f64ea1ae49	common_voice_fr_40191686.mp3	4f5840a6f4805db5aa8f6757cae6973ecdcb81aaa284014cb946bbce3c89a952	Cette mesure peut s'appliquer à différents niveaux scolaires ou être intégrale.		2	0	twenties		Français de France		fr	
2c044f021ea63fff9c5dfdfd63ada829dcffa753718bd3d0d80d99864843ffca46cdec7a1f8531408893ac2d06c5afc95a9132d290cd277a9d35e9f64ea1ae49	common_voice_fr_40191690.mp3	4f4f61e689745b1c7956987235264b5776a173a2f78c0412eba99e7c353db839	Il fit aussi des chansons satiriques.		2	0	twenties		Français de France		fr	
2c044f021ea63fff9c5dfdfd63ada829dcffa753718bd3d0d80d99864843ffca46cdec7a1f8531408893ac2d06c5afc95a9132d290cd277a9d35e9f64ea1ae49	common_voice_fr_40191692.mp3	4f2d3cc9e078e2a9e65095a2981dc9ea43c322bdecfa051be006102e7cd61172	Cette collection fut à plusieurs reprises l’objet de cambriolages.		2	0	twenties		Français de France		fr	
2c044f021ea63fff9c5dfdfd63ada829dcffa753718bd3d0d80d99864843ffca46cdec7a1f8531408893ac2d06c5afc95a9132d290cd277a9d35e9f64ea1ae49	common_voice_fr_40191694.mp3	4f66bbe990a7008d839714607a5379b557a66fec5b5bdfb541504f63400c9a34	Certains textes contemporains sont plus sévères que ceux du passé.		2	0	twenties		Français de France		fr	
2c044f021ea63fff9c5dfdfd63ada829dcffa753718bd3d0d80d99864843ffca46cdec7a1f8531408893ac2d06c5afc95a9132d290cd277a9d35e9f64ea1ae49	common_voice_fr_40191695.mp3	4f53fa3b410bbe15d57a32058f23a0cb6f78627753bde9e8931c85dd841762fc	Les plans sont de l'architecte Jules Caron.		4	0	twenties		Français de France		fr	
2c044f021ea63fff9c5dfdfd63ada829dcffa753718bd3d0d80d99864843ffca46cdec7a1f8531408893ac2d06c5afc95a9132d290cd277a9d35e9f64ea1ae49	common_voice_fr_40191699.mp3	4f68833eb4ac9451f8c96dc48b8e89f2c8e2ac93dea6978f44fbfc49987a30dc	Elle est reliée aux concepts de déviance, de prophétie auto-réalisatrice et de stéréotype.		4	0	twenties		Français de France		fr	
2c044f021ea63fff9c5dfdfd63ada829dcffa753718bd3d0d80d99864843ffca46cdec7a1f8531408893ac2d06c5afc95a9132d290cd277a9d35e9f64ea1ae49	common_voice_fr_40191700.mp3	4f5e5ff805bdc8db6cc67812a3902217f9c68ee50579329fd35f990316d169a3	La prémisse est toujours avancée en support à la conclusion.		2	0	twenties		Français de France		fr	
2c044f021ea63fff9c5dfdfd63ada829dcffa753718bd3d0d80d99864843ffca46cdec7a1f8531408893ac2d06c5afc95a9132d290cd277a9d35e9f64ea1ae49	common_voice_fr_40191701.mp3	4f5b928e18d87d9087b3262cf5363a8e16289b941444335e8729b15f44959c93	Quelques-uns sont convertis et l’église est impressionnée.		2	0	twenties		Français de France		fr	
2c044f021ea63fff9c5dfdfd63ada829dcffa753718bd3d0d80d99864843ffca46cdec7a1f8531408893ac2d06c5afc95a9132d290cd277a9d35e9f64ea1ae49	common_voice_fr_40191704.mp3	4f63acf43bfa79bb2378922730b66b34c55717eca1d1169cd9c5322f9ecc15da	Le vainqueur a été désigné par un vote du public maltais.		2	0	twenties		Français de France		fr	
2c044f021ea63fff9c5dfdfd63ada829dcffa753718bd3d0d80d99864843ffca46cdec7a1f8531408893ac2d06c5afc95a9132d290cd277a9d35e9f64ea1ae49	common_voice_fr_40191706.mp3	4f718c22cae283d5383b212ec37297aeb257c03036449e9c3089fbda6d0387f4	Il accompagne le Docteur et Rose durant cet épisode et le suivant.		4	0	twenties		Français de France		fr	
2c044f021ea63fff9c5dfdfd63ada829dcffa753718bd3d0d80d99864843ffca46cdec7a1f8531408893ac2d06c5afc95a9132d290cd277a9d35e9f64ea1ae49	common_voice_fr_40191709.mp3	4f7123af93c3a9fffd5f728984088483518938a9bded7962cea4fb27f1e18a3e	Les trois jeunes filles trouvent le moyen de hâter ce mariage.		4	0	twenties		Français de France		fr	
2c044f021ea63fff9c5dfdfd63ada829dcffa753718bd3d0d80d99864843ffca46cdec7a1f8531408893ac2d06c5afc95a9132d290cd277a9d35e9f64ea1ae49	common_voice_fr_40191714.mp3	4f52b9ae7cce109a27e16787ca70a17cc6941236bafab5ad130191b69fafd45b	Dès lors, Day Mar signe et devient une artiste du label Masters of Hardcore.		4	0	twenties		Français de France		fr	
2c044f021ea63fff9c5dfdfd63ada829dcffa753718bd3d0d80d99864843ffca46cdec7a1f8531408893ac2d06c5afc95a9132d290cd277a9d35e9f64ea1ae49	common_voice_fr_40191717.mp3	4f708a2856f50375fb070a1d9f72d67d08997d0937c6fc22048ebe89c3eef83a	Elle est portée en arc ou faiblement enroulée sur le dos.		2	0	twenties		Français de France		fr	
2c044f021ea63fff9c5dfdfd63ada829dcffa753718bd3d0d80d99864843ffca46cdec7a1f8531408893ac2d06c5afc95a9132d290cd277a9d35e9f64ea1ae49	common_voice_fr_40191719.mp3	4f62ea0e79e9766e8592ac2c8db4b6cff2164d4c000ac91fcd1fd9bcec06b402	Il est connu pour son look excentrique et sa distance aux drives.		4	0	twenties		Français de France		fr	
2c044f021ea63fff9c5dfdfd63ada829dcffa753718bd3d0d80d99864843ffca46cdec7a1f8531408893ac2d06c5afc95a9132d290cd277a9d35e9f64ea1ae49	common_voice_fr_40191721.mp3	4f507cc583ff44980e5e808b2b2a569648699dd079c4fd5e9d83da1b4df2da95	Il a toujours plané un mystère sur sa naissance...		2	0	twenties		Français de France		fr	
2c044f021ea63fff9c5dfdfd63ada829dcffa753718bd3d0d80d99864843ffca46cdec7a1f8531408893ac2d06c5afc95a9132d290cd277a9d35e9f64ea1ae49	common_voice_fr_40191722.mp3	4f588e26a908e0962c9cda1119d2065092728d2ece38ec95922f7429ac1f3e84	Le navire, venant de Malte, devait protéger les cargos chargés de ravitailler le Monténégro.		2	0	twenties		Français de France		fr	
2c044f021ea63fff9c5dfdfd63ada829dcffa753718bd3d0d80d99864843ffca46cdec7a1f8531408893ac2d06c5afc95a9132d290cd277a9d35e9f64ea1ae49	common_voice_fr_40191728.mp3	4f6317ad95566d91ad2e06a75d40483da824ada2ff9a59b56415ef62ae729ead	Dès lors, c'est Louis de Bavière qui devient l'ennemi principal.		2	0	twenties		Français de France		fr	
2c044f021ea63fff9c5dfdfd63ada829dcffa753718bd3d0d80d99864843ffca46cdec7a1f8531408893ac2d06c5afc95a9132d290cd277a9d35e9f64ea1ae49	common_voice_fr_40191731.mp3	4f6a337d07d5677a71e1a287519236b3836f1ec893685cde8ebbd613b55ff108	Il y enchaîne les aventures humoristiques, en compagnie de Flint Bottleneck.		2	0	twenties		Français de France		fr	
2c044f021ea63fff9c5dfdfd63ada829dcffa753718bd3d0d80d99864843ffca46cdec7a1f8531408893ac2d06c5afc95a9132d290cd277a9d35e9f64ea1ae49	common_voice_fr_40192427.mp3	4f4b1af3bfad71cbaeedb20b9797e191e8a21006f816190c8d10afee8d76c148	Il y est recruté pour ses qualités de rouleur.		2	0	twenties		Français de France		fr	
2c044f021ea63fff9c5dfdfd63ada829dcffa753718bd3d0d80d99864843ffca46cdec7a1f8531408893ac2d06c5afc95a9132d290cd277a9d35e9f64ea1ae49	common_voice_fr_40192428.mp3	4f5fe189fcb9a7d6908b04323a09b2eec21f5afa8cd99f128cd11a717f2a21d1	Toutefois, ce n'est pas dans ce périodique qu'il convient de puiser quelques critiques.		2	0	twenties		Français de France		fr	
2c044f021ea63fff9c5dfdfd63ada829dcffa753718bd3d0d80d99864843ffca46cdec7a1f8531408893ac2d06c5afc95a9132d290cd277a9d35e9f64ea1ae49	common_voice_fr_40192429.mp3	4f44a293506c2258badcb0f88ee4ea2b97a65d2464b6e3c58188619e15cda7cb	Oh! laisse-moi, ma mère, répondit Moïna, tu as froid.		2	0	twenties		Français de France		fr	
2c044f021ea63fff9c5dfdfd63ada829dcffa753718bd3d0d80d99864843ffca46cdec7a1f8531408893ac2d06c5afc95a9132d290cd277a9d35e9f64ea1ae49	common_voice_fr_40192431.mp3	4f58f7562418738e6ebb804382417f3163db4e8790bfb3052833e7cc4d1dfe2d	Pâle, je contemplais, dans l'ombre où j'étais seul		2	0	twenties		Français de France		fr	
2c044f021ea63fff9c5dfdfd63ada829dcffa753718bd3d0d80d99864843ffca46cdec7a1f8531408893ac2d06c5afc95a9132d290cd277a9d35e9f64ea1ae49	common_voice_fr_40192434.mp3	4f37c1a4825389a73b8bbf2b2c89231cc9dd4e99cf0f4543136a428cbea47e89	Ils parlent leur propre langue ainsi que l'espagnol.		2	0	twenties		Français de France		fr	
2c044f021ea63fff9c5dfdfd63ada829dcffa753718bd3d0d80d99864843ffca46cdec7a1f8531408893ac2d06c5afc95a9132d290cd277a9d35e9f64ea1ae49	common_voice_fr_40192437.mp3	4f2309ab929438711f21ba770ad778cb84f5a8358a11dbd0ec77c684e1ea8e55	La communauté envisage de proposer la fusion avec elle de plusieurs petites intercommunalités.		2	0	twenties		Français de France		fr	
2c044f021ea63fff9c5dfdfd63ada829dcffa753718bd3d0d80d99864843ffca46cdec7a1f8531408893ac2d06c5afc95a9132d290cd277a9d35e9f64ea1ae49	common_voice_fr_40192440.mp3	4f59b41e92d4c391ce330df0d7725bfaed59e58518314ec2ade140f6bc5c8fe8	Il écrivait en occitan toulousain.		4	0	twenties		Français de France		fr	
2c044f021ea63fff9c5dfdfd63ada829dcffa753718bd3d0d80d99864843ffca46cdec7a1f8531408893ac2d06c5afc95a9132d290cd277a9d35e9f64ea1ae49	common_voice_fr_40192441.mp3	4f4b860c8efa33607adec70519e14407a33d89a5daecfe0d5e45fbd91d8b4c74	La police prélèvera les indices et les pierres pour les analyser.		2	0	twenties		Français de France		fr	
2c044f021ea63fff9c5dfdfd63ada829dcffa753718bd3d0d80d99864843ffca46cdec7a1f8531408893ac2d06c5afc95a9132d290cd277a9d35e9f64ea1ae49	common_voice_fr_40192443.mp3	4f68f78612db9c2e9a1e57678cf3797b1419645c8282217578e0a40aa5b666f0	Hélène Grimaud est née à Aix-en-Provence.		2	0	twenties		Français de France		fr	
2c044f021ea63fff9c5dfdfd63ada829dcffa753718bd3d0d80d99864843ffca46cdec7a1f8531408893ac2d06c5afc95a9132d290cd277a9d35e9f64ea1ae49	common_voice_fr_40192445.mp3	4f725dffbd933d4af502b84497ca3d25b6b035425fbd3f072ba31d94663e8ae5	Il est accompagné d'un employé par catégorie de métier.		4	0	twenties		Français de France		fr	
2c044f021ea63fff9c5dfdfd63ada829dcffa753718bd3d0d80d99864843ffca46cdec7a1f8531408893ac2d06c5afc95a9132d290cd277a9d35e9f64ea1ae49	common_voice_fr_40192449.mp3	4f714d894953425f802c557f6bdbfb29ee59b95b30d70503b4e837e34fad2691	Achevons-lui son triomphe en huée.		2	0	twenties		Français de France		fr	
2c044f021ea63fff9c5dfdfd63ada829dcffa753718bd3d0d80d99864843ffca46cdec7a1f8531408893ac2d06c5afc95a9132d290cd277a9d35e9f64ea1ae49	common_voice_fr_40192454.mp3	4f68b43e2454566f09a70eba7fb6a31f62a8601719b7961028ad68f3abf0ef76	Elle est surtout connue pour être un carrefour ferroviaire.		4	0	twenties		Français de France		fr	
2c044f021ea63fff9c5dfdfd63ada829dcffa753718bd3d0d80d99864843ffca46cdec7a1f8531408893ac2d06c5afc95a9132d290cd277a9d35e9f64ea1ae49	common_voice_fr_40192455.mp3	4f7503a82e4fc340ea260a619f2ca443ac7c1cb4f94042110a5618a6f7fa805e	Méfiez-vous de tout le monde, de tout le monde !		2	0	twenties		Français de France		fr	
2c044f021ea63fff9c5dfdfd63ada829dcffa753718bd3d0d80d99864843ffca46cdec7a1f8531408893ac2d06c5afc95a9132d290cd277a9d35e9f64ea1ae49	common_voice_fr_40192457.mp3	4f65f81cea081bf495482612bc80a923a88afc3e2259384b1ed6a94985ceea16	C’est un espion que ces gentlemen ont mis à nos trousses!		2	0	twenties		Français de France		fr	
2c044f021ea63fff9c5dfdfd63ada829dcffa753718bd3d0d80d99864843ffca46cdec7a1f8531408893ac2d06c5afc95a9132d290cd277a9d35e9f64ea1ae49	common_voice_fr_40192458.mp3	4f47f176d0f7d5cc6f548392791c134c567060320a9146873a02dc358f8db3c6	Aujourd'hui, la Grande Loge d'Écosse est presque exclusivement la seule a perpétuer le rituel.		2	0	twenties		Français de France		fr	
2c044f021ea63fff9c5dfdfd63ada829dcffa753718bd3d0d80d99864843ffca46cdec7a1f8531408893ac2d06c5afc95a9132d290cd277a9d35e9f64ea1ae49	common_voice_fr_40192462.mp3	4f223d3c86718e09a5cb18a6899ec0f28b4cafa7b493d660e68bf8460b8e693a	Son interface est disponible uniquement en anglais.		2	0	twenties		Français de France		fr	
2c044f021ea63fff9c5dfdfd63ada829dcffa753718bd3d0d80d99864843ffca46cdec7a1f8531408893ac2d06c5afc95a9132d290cd277a9d35e9f64ea1ae49	common_voice_fr_40192463.mp3	4f3ac738577ab3eb55049d24fca05d1a7685763f7f89fe8631e20250c56e92df	L'origine légendaire de leur nom reste relativement obscure.		2	0	twenties		Français de France		fr	
2c044f021ea63fff9c5dfdfd63ada829dcffa753718bd3d0d80d99864843ffca46cdec7a1f8531408893ac2d06c5afc95a9132d290cd277a9d35e9f64ea1ae49	common_voice_fr_40192466.mp3	4f1d5ebb996cfc00639e885b89c0d0ce4dd8423dfb974d1c611f49fa45939bbd	Son comité exécutif est composé de deux Tunisiens et d’un Français.		4	0	twenties		Français de France		fr	
2c044f021ea63fff9c5dfdfd63ada829dcffa753718bd3d0d80d99864843ffca46cdec7a1f8531408893ac2d06c5afc95a9132d290cd277a9d35e9f64ea1ae49	common_voice_fr_40202981.mp3	4f6e419028f697b0097b736c6690b74f515412b44e2259ff5c38a2a75baabddf	Sans prédation, les piments sont plus doux.		2	0	twenties		Français de France		fr	
2c044f021ea63fff9c5dfdfd63ada829dcffa753718bd3d0d80d99864843ffca46cdec7a1f8531408893ac2d06c5afc95a9132d290cd277a9d35e9f64ea1ae49	common_voice_fr_40202986.mp3	4f6741129dffa69066346b94a61c3495145570ed30e44b403edbfd7cebff2699	Le village est aujourd'hui inhabité.		2	0	twenties		Français de France		fr	
2c044f021ea63fff9c5dfdfd63ada829dcffa753718bd3d0d80d99864843ffca46cdec7a1f8531408893ac2d06c5afc95a9132d290cd277a9d35e9f64ea1ae49	common_voice_fr_40202987.mp3	4f7046fd01ec1a4e933876f9b891de77c4ea4df5dc87711cd266be50ea29575b	Malheureusement, la série est annulée au bout de deux saisons, faute d'audiences.		2	0	twenties		Français de France		fr	
2c044f021ea63fff9c5dfdfd63ada829dcffa753718bd3d0d80d99864843ffca46cdec7a1f8531408893ac2d06c5afc95a9132d290cd277a9d35e9f64ea1ae49	common_voice_fr_40202989.mp3	4f6ee2796c0423eb5bd166eb15a97ebcf57a405ce3bbcde4a943fe83e39287c7	Il est l'ancêtre des comtes palatins de Bourgogne.		4	0	twenties		Français de France		fr	
2c044f021ea63fff9c5dfdfd63ada829dcffa753718bd3d0d80d99864843ffca46cdec7a1f8531408893ac2d06c5afc95a9132d290cd277a9d35e9f64ea1ae49	common_voice_fr_40202993.mp3	4f6e58121dea2efed03d329dc767b27ab923440ce97613f63223cb091c74ca14	Ce violon lui est prêté par le Théâtre royal danois.		2	0	twenties		Français de France		fr	
2c044f021ea63fff9c5dfdfd63ada829dcffa753718bd3d0d80d99864843ffca46cdec7a1f8531408893ac2d06c5afc95a9132d290cd277a9d35e9f64ea1ae49	common_voice_fr_40202995.mp3	4f4387a2d604082c07c38a0b49cf5b4d9cc139dca655297737f2e611221c0120	Cette chanson est d'ailleurs classé au hit-parade de Radio Luxembourg.		2	0	twenties		Français de France		fr	
2c044f021ea63fff9c5dfdfd63ada829dcffa753718bd3d0d80d99864843ffca46cdec7a1f8531408893ac2d06c5afc95a9132d290cd277a9d35e9f64ea1ae49	common_voice_fr_40203003.mp3	4f2f85870516e1691a900c6ec7c0f9c40d64cb75aa714ec04883ed7f4217b2c8	Il n'est pas gardé dans l'effectif des vingt-trois hommes et est libéré.		2	0	twenties		Français de France		fr	
2c044f021ea63fff9c5dfdfd63ada829dcffa753718bd3d0d80d99864843ffca46cdec7a1f8531408893ac2d06c5afc95a9132d290cd277a9d35e9f64ea1ae49	common_voice_fr_40203006.mp3	4f60c101cd3b6e0176f52962adad48aad79b31585feda92c339a44f2f8bc60ed	Ils n'étaient pas spécialement riches, et l'antisémitisme n'était pas spécialement développé dans le pays.		2	0	twenties		Français de France		fr	
2c044f021ea63fff9c5dfdfd63ada829dcffa753718bd3d0d80d99864843ffca46cdec7a1f8531408893ac2d06c5afc95a9132d290cd277a9d35e9f64ea1ae49	common_voice_fr_40203013.mp3	4f7603e4cb20e6d12a72db792b134d685c1053f1165bf828154434ef380b1404	Elle est dédiée à saint Gratien d'Amiens.		2	0	twenties		Français de France		fr	
2c044f021ea63fff9c5dfdfd63ada829dcffa753718bd3d0d80d99864843ffca46cdec7a1f8531408893ac2d06c5afc95a9132d290cd277a9d35e9f64ea1ae49	common_voice_fr_40203015.mp3	0b757860ba8efbfa4f77fb4372cd70a5de05cab98a8d0055431182b474addf5f	On nous a emportées dans les bois.		2	0	twenties		Français de France		fr	
2c044f021ea63fff9c5dfdfd63ada829dcffa753718bd3d0d80d99864843ffca46cdec7a1f8531408893ac2d06c5afc95a9132d290cd277a9d35e9f64ea1ae49	common_voice_fr_40203017.mp3	4f6d76ac91d842876369d3080197c1b2333cdffe0d147903e07a91ba5c900164	Il vit à Arles.		2	0	twenties		Français de France		fr	
2c044f021ea63fff9c5dfdfd63ada829dcffa753718bd3d0d80d99864843ffca46cdec7a1f8531408893ac2d06c5afc95a9132d290cd277a9d35e9f64ea1ae49	common_voice_fr_40203019.mp3	4f6d58d280b46e9be10a2e258342d64817e9012e34c9816a741ddbd8e551befe	De Pantin, telles sont les rencontres qu'on a		2	0	twenties		Français de France		fr	
2c044f021ea63fff9c5dfdfd63ada829dcffa753718bd3d0d80d99864843ffca46cdec7a1f8531408893ac2d06c5afc95a9132d290cd277a9d35e9f64ea1ae49	common_voice_fr_40203022.mp3	4f6505ec2469ec9c2c97d3576eb1913e422fa564703d86581a9a6de1551b1f98	Ces roches font souvent partie du groupe des andésites.		2	0	twenties		Français de France		fr	
2c044f021ea63fff9c5dfdfd63ada829dcffa753718bd3d0d80d99864843ffca46cdec7a1f8531408893ac2d06c5afc95a9132d290cd277a9d35e9f64ea1ae49	common_voice_fr_40203028.mp3	4f6d2470d891e82edea92c54aa0873f440c3fce5ec53dab57a3b73687860605d	Leur demeure, superbement décorée, était remplie d'objets d'art.		2	0	twenties		Français de France		fr	
2c044f021ea63fff9c5dfdfd63ada829dcffa753718bd3d0d80d99864843ffca46cdec7a1f8531408893ac2d06c5afc95a9132d290cd277a9d35e9f64ea1ae49	common_voice_fr_40203033.mp3	4f4ec89afcf1739d9a15e25dbfd1df5fd804cc07b28f6ea2d16797eb156c5633	Sa voix particulière ouvre sur un univers celtique, onirique, romantique, médiéval ou encore baroque.		2	0	twenties		Français de France		fr	
2c044f021ea63fff9c5dfdfd63ada829dcffa753718bd3d0d80d99864843ffca46cdec7a1f8531408893ac2d06c5afc95a9132d290cd277a9d35e9f64ea1ae49	common_voice_fr_40203036.mp3	4f6a352377589d0aefd422fc8c59441e3f8c0c9971a6a392a33cbb872c253728	En d'autres termes, la politique de l'exception culturelle consacre la non-démocratisation.		2	0	twenties		Français de France		fr	
2c044f021ea63fff9c5dfdfd63ada829dcffa753718bd3d0d80d99864843ffca46cdec7a1f8531408893ac2d06c5afc95a9132d290cd277a9d35e9f64ea1ae49	common_voice_fr_40203039.mp3	4f75e3f64edd7c13add079a9f4dd7e5bbea57abf90fa52c1fe948c4a7b73b135	Leur mariage dure jusqu'à sa mort.		2	0	twenties		Français de France		fr	
2c044f021ea63fff9c5dfdfd63ada829dcffa753718bd3d0d80d99864843ffca46cdec7a1f8531408893ac2d06c5afc95a9132d290cd277a9d35e9f64ea1ae49	common_voice_fr_40203046.mp3	4f768542ed0d55d89f1fc6c4aad8ecb136ddc7a7621b805f512e2bfcc2f6ea9b	Cette espèce est endémique de la préfecture d'Ōita sur Kyūshū au Japon.		2	0	twenties		Français de France		fr	
2c044f021ea63fff9c5dfdfd63ada829dcffa753718bd3d0d80d99864843ffca46cdec7a1f8531408893ac2d06c5afc95a9132d290cd277a9d35e9f64ea1ae49	common_voice_fr_40203047.mp3	4f6298c27f2bc3327c0ccfdfaa88b8d4afd8e40e45016c12e2eaeb40a3ffa803	Elle est marquée par l'influence du peintre vénitien.		2	0	twenties		Français de France		fr	
2c044f021ea63fff9c5dfdfd63ada829dcffa753718bd3d0d80d99864843ffca46cdec7a1f8531408893ac2d06c5afc95a9132d290cd277a9d35e9f64ea1ae49	common_voice_fr_40203051.mp3	4f6ecf46fab2d42573775d9b679fef7e6e39d3e5ba9130410e3ce009c008d5b7	Des visites historiques, des concerts et des réceptions y sont désormais organisés.		2	0	twenties		Français de France		fr	
2c044f021ea63fff9c5dfdfd63ada829dcffa753718bd3d0d80d99864843ffca46cdec7a1f8531408893ac2d06c5afc95a9132d290cd277a9d35e9f64ea1ae49	common_voice_fr_40203054.mp3	4f766a5db88d8ee20dc0886cbb0fe49e008cc5e3388cb3712ac1218867400c01	À l’époque j’ai cru au miracle.		2	0	twenties		Français de France		fr	
2c044f021ea63fff9c5dfdfd63ada829dcffa753718bd3d0d80d99864843ffca46cdec7a1f8531408893ac2d06c5afc95a9132d290cd277a9d35e9f64ea1ae49	common_voice_fr_40203061.mp3	4f5cadf5a4c413bcea3805a464175174cbef244fcb52b20f041fcc0b01d44d30	Il était catholique pratiquant.		2	0	twenties		Français de France		fr	
2c044f021ea63fff9c5dfdfd63ada829dcffa753718bd3d0d80d99864843ffca46cdec7a1f8531408893ac2d06c5afc95a9132d290cd277a9d35e9f64ea1ae49	common_voice_fr_40294714.mp3	4f9cbf912641f2794ade03cd5e5503cf15f24be44b8478762b602dcaca62f057	Sa femme lui survit vingt-cinq ans.		2	0	twenties		Français de France		fr	
2c044f021ea63fff9c5dfdfd63ada829dcffa753718bd3d0d80d99864843ffca46cdec7a1f8531408893ac2d06c5afc95a9132d290cd277a9d35e9f64ea1ae49	common_voice_fr_40294716.mp3	4f66b893b529e192ab7f612311970baca7ede146ae7f750106c6308a970d261a	Ces publications souhaitent remettre en cause les normes de genre de la société.		2	0	twenties		Français de France		fr	
2c044f021ea63fff9c5dfdfd63ada829dcffa753718bd3d0d80d99864843ffca46cdec7a1f8531408893ac2d06c5afc95a9132d290cd277a9d35e9f64ea1ae49	common_voice_fr_40294718.mp3	4f51986f7ecf9a3614a5d21fffd7e23f889467912d00697594d875c6ef379a76	S'agissant des humains, le rescapé mâle s'appelle Walter Phelan.		2	0	twenties		Français de France		fr	
2c044f021ea63fff9c5dfdfd63ada829dcffa753718bd3d0d80d99864843ffca46cdec7a1f8531408893ac2d06c5afc95a9132d290cd277a9d35e9f64ea1ae49	common_voice_fr_40294730.mp3	4f922d6efe5aac89a7a134a67437794d24200b38ae88edb53f847533d29ef978	Célestine est également intrépide.		2	0	twenties		Français de France		fr	
2c044f021ea63fff9c5dfdfd63ada829dcffa753718bd3d0d80d99864843ffca46cdec7a1f8531408893ac2d06c5afc95a9132d290cd277a9d35e9f64ea1ae49	common_voice_fr_40294752.mp3	4f9d6bcd8576fedaead1c602eef57f49aa3cc356f42e05315a56628546a56a4b	Les canons chrétiens sont eux divisés en quatre parties.		2	0	twenties		Français de France		fr	
2c044f021ea63fff9c5dfdfd63ada829dcffa753718bd3d0d80d99864843ffca46cdec7a1f8531408893ac2d06c5afc95a9132d290cd277a9d35e9f64ea1ae49	common_voice_fr_40294753.mp3	4f99cbaa713d3f283afe36135230af53ffd2026cfd01d40e189185d0910e805a	Ainsi pourvu, je respire et je vois.		2	0	twenties		Français de France		fr	
2c044f021ea63fff9c5dfdfd63ada829dcffa753718bd3d0d80d99864843ffca46cdec7a1f8531408893ac2d06c5afc95a9132d290cd277a9d35e9f64ea1ae49	common_voice_fr_40294754.mp3	4f95934dd9ad0610f2c1e682122e74f89c257bf085107cc2cc7fbc60b329da57	La police, le père d'Anna sont prévenus.		2	0	twenties		Français de France		fr	
2c044f021ea63fff9c5dfdfd63ada829dcffa753718bd3d0d80d99864843ffca46cdec7a1f8531408893ac2d06c5afc95a9132d290cd277a9d35e9f64ea1ae49	common_voice_fr_40294755.mp3	4f65c6a8ed9015490e0c664fdb88264dd295e874d8afd391654069917c805bea	Mais il s'est avéré que c'était un mensonge.		2	0	twenties		Français de France		fr	
2c044f021ea63fff9c5dfdfd63ada829dcffa753718bd3d0d80d99864843ffca46cdec7a1f8531408893ac2d06c5afc95a9132d290cd277a9d35e9f64ea1ae49	common_voice_fr_40294758.mp3	4f89cbb06fae4dd260605985545ff61e332479ee983dd27391d38e21723dc2fe	Sa décision entraîne un embargo de l'Inde sur les matières nucléaires sensibles.		2	0	twenties		Français de France		fr	
2c044f021ea63fff9c5dfdfd63ada829dcffa753718bd3d0d80d99864843ffca46cdec7a1f8531408893ac2d06c5afc95a9132d290cd277a9d35e9f64ea1ae49	common_voice_fr_40294768.mp3	4f67e8273e21769603bb04d37803558d3a56f0d46c41ece9fd80075d73b889e6	Il avait passé pour religieux.		2	0	twenties		Français de France		fr	
2c044f021ea63fff9c5dfdfd63ada829dcffa753718bd3d0d80d99864843ffca46cdec7a1f8531408893ac2d06c5afc95a9132d290cd277a9d35e9f64ea1ae49	common_voice_fr_40294772.mp3	4f7fe1c2eeaf0ba8c48a852d39babf9454fb8d60bb0c5cd4324370625807288a	L'élevage des moutons, l'apiculture et la viticulture connaissent une expansion remarquable.		2	0	twenties		Français de France		fr	
